STT,URL livesite,Topic tag,"Key chính(Research
 key phụ)",Vol ,Hạng mục ,Year,Month,Week,File audit content,Dealine,Link Docs,PIC,Content review,Note,Status,Word count,,,,,,,,,,
,https://avada.io/blog/shopify-app-marketplace/,Shopify; Shopify app,shopify marketplace apps,90500,Audit,2026,6,1,,,,,,,,,,,,,,,,,,
,https://avada.io/blog/shopify-pricing-plans/,Shopify; Shopify price & costs;,shopify pricing,74000,Audit,2026,3,1,Shopify pricing,,Shopify pricing,Ngân,,,Content review,,,,,,,,,,,
,https://avada.io/blog/what-is-shopify/,Shopify; Shopify Knowledge,what is shopify and how does it work,49500,Audit,2026,3,1,Copy of What Is Shopify & How Does It Work,,what is shopify and how does it work,Ngân,,,Content review,,,,,,,,,,,
,https://avada.io/blog/set-up-shopify-store/,Shopify; Shoify Knowledge,set up a shopify store,40500,Audit,2026,4,1,,,,,,,,,,,,,,,,,,
,https://avada.io/blog/get-free-shopify-trial/,Shopify; Shopify price & costs;,shopify free trials,40500,Audit,2026,3,1,,,shopify free trials,Ngân,,,Doing,,,,,,,,,,,
,https://avada.io/blog/myshopify/,Shopify; Shopify Knowledge,myshopify,33100,Audit,2026,3,1,myshopify,,myshopify,Ngân,,,Content review,,,,,,,,,,,
,https://avada.io/blog/shopify-pay/,Shopify; Shopify Payments & Gateways,shopify pay,27100,Audit,2026,3,4,,,,,,,,,,,,,,,,,,
,https://avada.io/blog/shopify-payments/,Shopify; Shopify Payments & Gateways,shopify payments,27100,Audit,2026,3,4,,,,,,,,,,,,,,,,,,
,https://avada.io/tools/shopify-theme-detector,Shopify; Shopify theme; Shopify tool,shopify theme detector,27100,Audit,2026,3,1,,,shopify theme detector,Ngân,,,Doing,,,,,,,,,,,
,https://avada.io/blog/website-builder-shopify,Shopify; Shopify Knowledge,shopify website builder,22200,Audit,2026,4,1,,,,,,,,,,,,,,,,,,
,https://avada.io/blog/shopify-plus-reviews/,Shopify; Shopify price & costs; Shopify;,shopify plus,18100,Audit,2026,3,1,,,shopify plus,Hương,,,Doing,,,,,,,,,,,
,https://avada.io/tools/business-name-generator/,Shopify; Shopify tool,shopify business name generator,18100,Audit,2026,5,2,Default categorization - review recommended,,,,,,,,,,,,,,,,,
,https://avada.io/blog/best-free-shopify-themes/,Shopify; Shopify theme,shopify free themes,14800,Audit,2026,3,1,,,shopify free themes,Ngân,,,Doing,,,,,,,,,,,
,https://avada.io/blog/everything-need-to-know-about-shopify-inventory-management/,Shopify; Shopify Knowledge; Shopify inventory,shopify inventory management,9900,Audit,2026,4,3,,,,,,,,,,,,,,,,,,
,https://avada.io/blog/inventory-management-app-shopify/,Shopify; Shopify Knowledge; Shopify app; Shopify inventory,inventory management software shopify,9900,Audit,2026,4,3,,,,,,,,,,,,,,,,,,
,https://avada.io/blog/track-inventory-levels/,Shopify; Shopify Knowledge; Shopify inventory,shopify inventory tracking,9900,Audit,2026,4,3,,,,,,,,,,,,,,,,,,
,https://avada.io/blog/woocommerce-vs-shopify/,Shopify; Shopify comparresion; woocommerce ,woocommerce vs. shopify,9900,Audit,2026,4,1,,,,,,,,,,,,,,,,,,
,https://avada.io/blog/burst-by-shopify-review/,Shopify; Shopify app,brust shopify,8100,Audit,2026,6,1,,,,,,,,,,,,,,,,,,
,https://avada.io/blog/introduction-liquid/,Shopify; Shopify liquid,liquid shopify,8100,Audit,2026,5,1,,,,,,,,,,,,,,,,,,
,https://avada.io/blog/shopify-partner-account/,Shopify; Shoify Knowledge,shopify partners account,8100,Audit,2026,4,1,,,,,,,,,,,,,,,,,,
,https://avada.io/blog/shopify-starter-plan/,Shopify; Shopify price & costs;,shopify starter plan,8100,Audit,2026,3,1,,,shopify starter plan,Hương,,,Doing,,,,,,,,,,,
,https://avada.io/blog/shopify-vs-etsy/,Shopify; Shopify comparresion; etsy; ,etsy vs. shopify,8100,Audit,2026,4,1,,,,,,,,,,,,,,,,,,
,https://avada.io/blog/shopify-loan-calculator/,Shopify; Shopify price & costs;,shopify capital loans,6600,Audit,2026,3,1, ,,,Hương,,,,,,,,,,,,,,
,https://avada.io/blog/payment-gateway-for-shopify/,Shopify; Shopify Payments & Gateways,shopify payment gateways,6600,Audit,2026,3,4,,,,,,,,,,,,,,,,,,
,https://avada.io/blog/shopify-vs-squarespace/,Shopify; Shopify comparresion; squarespace,shopify vs squarespace,6600,Audit,2026,4,2,,,,,,,,,,,,,,,,,,
,https://avada.io/blog/shopify-vs-wix/,Shopify; Shopify comparresion; wix ,wix vs shopify,6600,Audit,2026,4,2,,,,,,,,,,,,,,,,,,
,https://avada.io/blog/shopify-product-bundles/,Shopify; Shopify Knowledge,product bundles shopify,5400,Audit,2026,4,3,,,,,,,,,,,,,,,,,,
,https://avada.io/blog/best-shopify-stores-examples,Shopify; Shopify Knowledge,shopify store examples,5400,Audit,2026,4,4,,,,,,,,,,,,,,,,,,
,https://avada.io/blog/how-set-up-shopify-payments/,Shopify; Shopify Payments & Gateways,shopify payments set up,5400,Audit,2026,3,4,,,,,,,,,,,,,,,,,,
,https://avada.io/blog/shopify-promo-code/,Shopify; Shopify Knowledge,promo code for shopify,5400,Audit,2026,5,1,,,,,,,,,,,,,,,,,,
,https://avada.io/blog/how-to-start-a-shopify-store/,Shopify; Shoify Knowledge,how to start a shopify store,5400,Audit,2026,4,1,,,,,,,,,,,,,,,,,,
,https://avada.io/blog/add-stripe-to-shopify/,Shopify; Shopify Payments & Gateways; stripe,shopify stripe,5400,Audit,2026,3,4,,,,,,,,,,,,,,,,,,
,https://avada.io/blog/best-shopify-plugins/,Shopify; Shopify app,shopify plugins,5400,Audit,2026,6,1,,,,,,,,,,,,,,,,,,
,https://avada.io/blog/best-shopify-themes-templates/,Shopify; Shopify theme,shopify best theme,5400,Audit,2026,3,1,,,shopify best theme,Ngân,,,Doing,,,,,,,,,,,
,https://avada.io/blog/is-shopify-legit/,Shopify; Shopify Knowledge,is shopify legit,4400,Audit,2026,3,1,,,is shopify legit,Ngân,,,Doing,,,,,,,,,,,
,https://avada.io/blog/best-shopify-crm-integration/,Shopify; Shopify app,shopify crm software,4400,Audit,2026,3,1,,,shopify crm software,Ngân,,,Doing,,,,,,,,,,,
,https://avada.io/blog/best-subscription-app-shopify/,Shopify; Shopify app,shopify subscription apps,4400,Audit,2026,6,1,,,,,,,,,,,,,,,,,,
,https://avada.io/blog/shopify-theme-ella,Shopify; Shopify theme,ella shopify theme,4400,Audit,2026,3,1,,,ella shopify theme,Ngân,,,Doing,,,,,,,,,,,
,https://avada.io/blog/sign-up-for-shopify/,Shopify; Shopify price & costs;,shopify subscribe,3600,Audit,2026,3,1,,,,Hương,,,,,,,,,,,,,,
,https://avada.io/blog/best-shopify-apps/,Shopify; Shopify app,best shopify apps,3600,Audit,2026,6,1,,,,,,,,,,,,,,,,,,
,https://avada.io/blog/shopify-apps-detector/,Shopify; Shopify app,shopify app detector,3600,Audit,2026,6,1,,,,,,,,,,,,,,,,,,
,https://avada.io/blog/how-setup-shopify-pos-app/,Shopify; Shopify app; Pos,shopify point of sale app,3600,Audit,2026,5,3,,,,,,,,,,,,,,,,,,
,https://avada.io/blog/best-review-app-shopify/,Shopify; Shopify app,shopify review apps,3600,Audit,2026,6,1,,,,,,,,,,,,,,,,,,
,https://avada.io/blog/product-reviews-app-shopify/,Shopify; Shopify app,shopify product review apps,3600,Audit,2026,6,1,,,,,,,,,,,,,,,,,,
,https://avada.io/blog/shopify-capital/,Shopify; Shopify Knowledge,shopify capital ,3600,Audit,2026,3,1,,,shopify capital ,Hương,,,Doing,,,,,,,,,,,
,https://avada.io/blog/shopify-development-store/,Shopify; shopify development,shopify development stores,3600,Audit,2026,5,1,,,,,,,,,,,,,,,,,,
,https://avada.io/blog/how-view-order-status-page-of-order-shopify/,Shopify; Shopify order,order status page shopify,480,Audit,2026,5,2,,,,,,,,,,,,,,,,,,
,https://avada.io/blog/shopify-pos-app/ ,Shopify; Shopify app; Shopify Pos,shopify pos apps,3600,Audit,2026,6,1,,,,,,,,,,,,,,,,,,
,https://avada.io/blog/shopify-dawn-theme,Shopify; Shopify theme,dawn theme shopify,3600,Audit,2026,3,1,,,dawn theme shopify,,,K có tiềm năng ,Bỏ qua ,,,,,,,,,,,
,https://avada.io/blog/theme-shopify-premium,Shopify; Shopify theme,premium shopify themes,3600,Audit,2026,3,1,,,premium shopify themes,Ngân,,,Doing,,,,,,,,,,,
,https://avada.io/blog/prestige-theme-shopify,Shopify; Shopify theme,prestige theme shopify,3600,Audit,2026,3,1,,,prestige theme shopify,Ngân,,,Doing,,,,,,,,,,,
,https://avada.io/blog/shopify-vs-wordpress,Shopify; Shopify comparresion; wordpress,shopify vs wordpress,3600,Audit,2026,4,2,,,,,,,,,,,,,,,,,,
,https://avada.io/blog/sell-digital-downloads-shopify/,Shopify; shopify sell; Shopify Knowledge,how to sell digital products on shopify,2900,Audit,2026,4,4,,,,,,,,,,,,,,,,,,
,https://avada.io/blog/one-product-shopify-store/,Shopify; Shopify Knowledge,one product shopify stores,2900,Audit,2026,4,3,,,,,,,,,,,,,,,,,,
,https://avada.io/blog/shopify-product-bundles-apps/,Shopify; Shopify app,product bundle app shopify,2900,Audit,2026,6,1,,,,,,,,,,,,,,,,,,
,https://avada.io/blog/shopify-clothing-store/,Shopify; Shopify Knowledge,shopify clothing stores,2900,Audit,2026,4,4,,,,,,,,,,,,,,,,,,
,https://avada.io/blog/cool-shopify-stores/,Shopify; Shopify Knowledge,cool shopify stores,2900,Audit,2026,4,4,,,,,,,,,,,,,,,,,,
,https://avada.io/blog/how-to-fulfill-order-on-shopify/,Shopify; Shopify order,how to fulfill order on shopify,2900,Audit,2026,5,2,,,,,,,,,,,,,,,,,,
,https://avada.io/blog/shopify-and-google-analytics/ ,Shopify; Shopify analytic & reporting,shopify google analytics,2900,Audit,2026,5,4,,,,,,,,,,,,,,,,,,
,https://avada.io/blog/shopify-to-amazon-integration/,Shopify; Shopify integration& connect; amazon,shopify amazon integration,2900,Audit,2026,5,1,,,,,,,,,,,,,,,,,,
,https://avada.io/blog/payment-methods-shopify-accept/,Shopify; Shopify Payments & Gateways,shopify payment methods,2900,Audit,2026,3,4,,,,,,,,,,,,,,,,,,
,https://avada.io/blog/magento-vs-shopify/,Shopify; Shopify comparresion; magento,magento vs shopify,2900,Audit,2026,4,2,,,,,,,,,,,,,,,,,,
,https://avada.io/blog/shopify-development-services/,Shopify; shopify development,shopify development service,2400,Audit,2026,5,1,,,,,,,,,,,,,,,,,,
,https://avada.io/blog/shopify-apps-for-b2b/,Shopify; Shopify app; Shopify b2b,shopify b2b apps,2400,Audit,2026,6,1,,,,,,,,,,,,,,,,,,
,https://avada.io/blog/how-to-change-a-shopify-store-name/,Shopify; Shopify Knowledge,how to change a shopify store name,2400,Audit,2026,4,1,,,,,,,,,,,,,,,,,,
,https://avada.io/blog/shopify-netsuite-integration/,Shopify; Shopify integration& connect; netsuite,shopify netsuite integration,2400,Audit,2026,5,1,,,,,,,,,,,,,,,,,,
,https://avada.io/blog/shopify-product-page/,Shopify; Shopify Knowledge,shopify product pages,2400,Audit,2026,4,3,,,,,,,,,,,,,,,,,,
,https://avada.io/blog/focal-shopify-theme,Shopify; Shopify theme,focal shopify theme,2400,Audit,2026,3,1,,,focal shopify theme,Ngân,,,Doing,,,,,,,,,,,
,https://avada.io/blog/impact-theme-shopify,Shopify; Shopify theme,impact theme shopify,2400,Audit,2026,3,1,,,impact theme shopify,Ngân,,,Doing,,,,,,,,,,,
,https://avada.io/blog/shopify-theme-symmetry,Shopify; Shopify theme,symmetry shopify theme,2400,Audit,2026,3,1,,,symmetry shopify theme,,,K có tiềm năng ,Bỏ qua ,,,,,,,,,,,
,https://avada.io/blog/biggest-shopify-stores/,Shopify; Shopify Knowledge,biggest shopify stores,2400,Audit,2026,4,4,,,,,,,,,,,,,,,,,,
,https://avada.io/blog/shopify-vs-amazon/,Shopify; Shopify comparresion; amazon;,shopify vs amazon,2400,Audit,2026,4,2,,,,,,,,,,,,,,,,,,
,https://avada.io/blog/shopify-store-names/,Shopify; Shopify Knowledge,shopify store names,1900,Audit,2026,4,4,,,,,,,,,,,,,,,,,,
,https://avada.io/blog/seo-app-shopify/,Shopify; Shopify app; Shopify Seo,seo apps for shopify,1900,Audit,2026,6,1,,,,,,,,,,,,,,,,,,
,https://avada.io/blog/how-buy-domain-shopify/,Shopify; Shopify Knowledge,buy domain from shopify,1900,Audit,2026,4,1,,,,,,,,,,,,,,,,,,
,https://avada.io/blog/shopify-website-cost/,Shopify; Shopify price & costs;,shopify website cost,1900,Audit,2026,3,1,,,,Hương,,,,,,,,,,,,,,
,https://avada.io/blog/shopify-ebay-integration-review/,Shopify; Shopify integration& connect; ebay;,shopify ebay integration,1900,Audit,2026,5,1,,,,,,,,,,,,,,,,,,
,https://avada.io/blog/what-is-shop-pay/,Shopify; Shopify Payments & Gateways,shop pay shopify,1900,Audit,2026,3,4,,,,,,,,,,,,,,,,,,
,https://avada.io/blog/shopify-empire-theme,Shopify; Shopify theme,empire theme shopify,1900,Audit,2026,3,1,,,,Ngân,,,,,,,,,,,,,,
,https://avada.io/blog/impulse-theme-shopify,Shopify; Shopify theme,impulse shopify theme,1900,Audit,2026,3,1,,,,Ngân,,,,,,,,,,,,,,
,https://avada.io/blog/shopify-motion-theme-review/,Shopify; Shopify theme,motion theme shopify,1900,Audit,2026,3,2,,,,,,,,,,,,,,,,,,
,https://avada.io/blog/shopify-store-design/,Shopify; Shopify Knowledge,shopify store design,1900,Audit,2026,4,4,,,,,,,,,,,,,,,,,,
,https://avada.io/blog/shopify-for-service-business/,Shopify; Shopify service,shopify for services,1600,Audit,2026,5,4,,,,,,,,,,,,,,,,,,
,https://avada.io/blog/add-terms-of-service/,Shopify; Shopify service,shopify terms of service,1600,Audit,2026,5,4,,,,,,,,,,,,,,,,,,
,https://avada.io/blog/shopify-test-orders/,Shopify; Shopify order,shopify test orders,1600,Audit,2026,5,2,,,,,,,,,,,,,,,,,,
,https://avada.io/blog/trustpilot-shopify-apps/,Shopify; Shopify app,shopify trustpilot,1600,Audit,2026,6,1,,,,,,,,,,,,,,,,,,
,https://avada.io/blog/shopify-1-dollar/,Shopify; Shopify price & costs;,shopify 1 dollar 3 months,1600,Audit,2026,3,1,,,shopify 1 dollar 3 months,Ngân,,,Doing,,,,,,,,,,,
,https://avada.io/blog/app-collections/accounting/,Shopify; Shopify app,shopify accounting software,1600,Audit,2026,6,1,,,,,,,,,,,,,,,,,,
,https://avada.io/blog/affiliate-app-shopify/,Shopify; Shopify app,shopify affiliate app,1600,Audit,2026,6,1,,,,,,,,,,,,,,,,,,
,https://avada.io/blog/shopify-app-authentication/,Shopify; Shopify app,shopify authentication app,1600,Audit,2026,6,1,,,,,,,,,,,,,,,,,,
,https://avada.io/blog/app-collections/order-fulfillment/,Shopify; Shopify app; fulfillment,shopify fulfillment app,1600,Audit,2026,6,1,,,,,,,,,,,,,,,,,,
,https://avada.io/blog/connect-godaddy-domain-to-shopify/,Shopify; Shopify integration& connect; godaddy,how to connect godaddy domain to shopify,1600,Audit,2026,5,1,,,,,,,,,,,,,,,,,,
,https://avada.io/blog/webflow-to-shopify-migration/,Shopify; Shopify migrations; webflow,webflow to shopify,1600,Audit,2026,5,3,,,,,,,,,,,,,,,,,,
,https://avada.io/blog/wix-to-shopify-migration/,Shopify; Shopify migrations; wix,wix to shopify,1600,Audit,2026,5,3,,,,,,,,,,,,,,,,,,
,https://avada.io/blog/integrate-shopify-with-quickbooks/,Shopify; Shopify integration& connect; quickbooks,shopify quickbooks integration,1600,Audit,2026,5,1,,,,,,,,,,,,,,,,,,
,https://avada.io/blog/kalles-theme,Shopify; Shopify theme,kalles shopify theme,1600,Audit,2026,3,2,,,,,,,,,,,,,,,,,,
,https://avada.io/blog/pipeline-shopify-theme,Shopify; Shopify theme,pipeline shopify theme,1600,Audit,2026,3,2,,,,,,,,,,,,,,,,,,
,https://avada.io/blog/shopify-apple-pay/,Shopify; Shopify Payments & Gateways,shopify apple pay,1600,Audit,2026,3,4,,,,,,,,,,,,,,,,,,
,https://avada.io/blog/big-cartel-vs-shopify,Shopify; Shopify comparresion; big cartel;,big cartel vs shopify,1600,Audit,2026,4,2,,,,,,,,,,,,,,,,,,
,https://avada.io/blog/shopify-vs-godaddy/,Shopify; Shopify comparresion; godaddy ,godaddy vs shopify,1600,Audit,2026,4,2,,,,,,,,,,,,,,,,,,
,https://avada.io/blog/shopify-vs-squarespace-vs-wix,Shopify; Shopify comparresion; wix; squarespace ,wix vs squarespace vs shopify,1600,Audit,2026,4,2,,,,,,,,,,,,,,,,,,
,https://avada.io/blog/shopify-app-wholesale/,Shopify; Shopify app,shopify wholesale apps,1300,Audit,2026,6,1,,,,,,,,,,,,,,,,,,
,https://avada.io/blog/shopify-business-ideas/,Shopify; Shopify Knowledge,shopify business ideas,1300,Audit,2026,4,4,,,,,,,,,,,,,,,,,,
,https://avada.io/blog/use-oberlo/,Shopify; Shopify Knowledge,oberlo shopify,1300,Audit,2026,4,1,,,,,,,,,,,,,,,,,,
,https://avada.io/blog/shopify-domain-cost/,Shopify; Shopify price & costs;,shopify domain cost,1300,Audit,2026,3,1,,,shopify domain cost,Hương,,,Doing,,,,,,,,,,,
,https://avada.io/blog/hubspot-shopify-integration/,Shopify; Shopify integration& connect; hubspot,hubspot shopify integration,1300,Audit,2026,5,1,,,,,,,,,,,,,,,,,,
,https://avada.io/blog/shopify-xero-integration/,Shopify; Shopify integration& connect; xero,shopify xero integration,1300,Audit,2026,5,1,,,,,,,,,,,,,,,,,,
,https://avada.io/blog/shopify-test-payment/,Shopify; Shopify Payments & Gateways,shopify test payments,1300,Audit,2026,3,4,,,,,,,,,,,,,,,,,,
,https://avada.io/blog/broadcast-theme-shopify,Shopify; Shopify theme,broadcast theme shopify,1300,Audit,2026,3,2,,,,,,,,,,,,,,,,,,
,https://avada.io/blog/debut-theme-review,Shopify; Shopify theme,debut shopify theme,1300,Audit,2026,3,2,,,,,,,,,,,,,,,,,,
,https://avada.io/blog/minimog-theme,Shopify; Shopify theme,minimog shopify theme,1300,Audit,2026,3,2,,,,,,,,,,,,,,,,,,
,https://avada.io/blog/turbo-theme-shopify,Shopify; Shopify theme,turbo theme shopify,1300,Audit,2026,3,2,,,,,,,,,,,,,,,,,,
,https://avada.io/blog/shopify-vs-bigcommerce/,Shopify; Shopify comparresion; bigcommerce;,shopify vs bigcommerce,1300,Audit,2026,4,2,,,,,,,,,,,,,,,,,,
,https://avada.io/blog/ecwid-vs-shopify/,Shopify; Shopify comparresion; ecwid ,ecwid vs shopify,1300,Audit,2026,4,2,,,,,,,,,,,,,,,,,,
,https://avada.io/blog/shopify-vs-odoo,Shopify; Shopify comparresion; odoo ,odoo vs shopify,1300,Audit,2026,4,2,,,,,,,,,,,,,,,,,,
,https://avada.io/blog/prestashop-vs-shopify/,Shopify; Shopify comparresion; prestashop ,prestashop vs shopify,1300,Audit,2026,4,2,,,,,,,,,,,,,,,,,,
,https://avada.io/blog/shopify-vs-shopify-plus/,Shopify; Shopify comparresion; shopify plus,shopify vs shopify plus,1300,Audit,2026,4,2,,,,,,,,,,,,,,,,,,
,https://avada.io/blog/how-cancel-order-shopify/,Shopify; Shopify order,cancel order on shopify,1000,Audit,2026,5,2,,,,,,,,,,,,,,,,,,
,https://avada.io/blog/import-aliexpress-products-to-shopify/,Shopify; aliexpress,how to import aliexpress products to shopify,1000,Audit,2026,5,3,,,,,,,,,,,,,,,,,,
,https://avada.io/blog/shopify-digital-download-apps/,Shopify; Shopify app,shopify digital downloads app,1000,Audit,2026,6,1,,,,,,,,,,,,,,,,,,
,https://avada.io/blog/discount-app-shopify/,Shopify; Shopify app,discount apps shopify,1000,Audit,2026,6,1,,,,,,,,,,,,,,,,,,
,https://avada.io/blog/shopify-upsell-apps/,Shopify; Shopify app,shopify upsell app,1000,Audit,2026,6,1,,,,,,,,,,,,,,,,,,
,https://avada.io/blog/how-set-compare-price-variant-shopify/,Shopify; Shopify Knowledge; Shopify Price & Costs,shopify compare at price,1000,Audit,2026,4,1,,,,,,,,,,,,,,,,,,
,https://avada.io/blog/how-edit-webpage-shopify/,Shopify; Shopify Knowledge,how to edit shopify website,1000,Audit,2026,4,1,,,,,,,,,,,,,,,,,,
,https://avada.io/blog/best-fulfillment-services-for-shopify/,Shopify; Shopify service; Shopify fulfillment,shopify fulfillment services,1000,Audit,2026,5,4,,,,,,,,,,,,,,,,,,
,https://avada.io/blog/shopify-jewelry-store/,Shopify; Shopify Knowledge,shopify jewelry stores,1000,Audit,2026,4,4,,,,,,,,,,,,,,,,,,
,https://avada.io/blog/shopify-pos-pricing/,Shopify; Shopify price & costs; Shopify Pos,shopify pos pricing,1000,Audit,2026,3,1,,,shopify pos pricing,Hương,,,Doing,,,,,,,,,,,
,https://avada.io/blog/shopify-booster-theme-review,Shopify; Shopify theme,booster shopify theme,1000,Audit,2026,3,2,,,,,,,,,,,,,,,,,,
,https://avada.io/blog/debutify-theme-shopify,Shopify; Shopify theme,debutify theme shopify,1000,Audit,2026,3,2,,,,,,,,,,,,,,,,,,
,https://avada.io/blog/envato-shopify-themes,Shopify; Shopify theme,envato shopify themes,1000,Audit,2026,3,2,,,,,,,,,,,,,,,,,,
,https://avada.io/blog/shopify-themes-for-jewelry/,Shopify; Shopify theme,shopify jewelry theme,1000,Audit,2026,3,2,,,,,,,,,,,,,,,,,,
,https://avada.io/blog/shopify-vs-paypal/,Shopify; Shopify Payments & Gateways; paypal,shopify payments and paypal,1000,Audit,2026,3,4,,,,,,,,,,,,,,,,,,
,https://avada.io/blog/shopify-markets/,Shopify; Shopify Knowledge,Shopify Markets,900,Audit,2026,5,3,,,,,,,,,,,,,,,,,,
,https://avada.io/blog/shopify-currency-converter-app,Shopify; Shopify app,shopify currency converter,880,Audit,2026,6,1,,,,,,,,,,,,,,,,,,
,https://avada.io/blog/shopify-products-to-sell/,Shopify; shopify sell; Shopify; Shopify Knowledge,best selling product on shopify,880,Audit,2026,4,4,,,,,,,,,,,,,,,,,,
,https://avada.io/blog/mobile-apps-builders/,Shopify; Shopify app,shopify mobile app builder,880,Audit,2026,6,1,,,,,,,,,,,,,,,,,,
,https://avada.io/blog/live-chat-apps-for-shopify/,Shopify; Shopify app,live chat app for shopify,880,Audit,2026,6,1,,,,,,,,,,,,,,,,,,
,https://avada.io/blog/shopify-email-app/,Shopify; Shopify app; Shopify email,shopify email app,880,Audit,2026,6,1,,,,,,,,,,,,,,,,,,
,https://avada.io/blog/shopify-domain-checker/,Shopify; Shopify Knowledge,shopify domain checker,880,Audit,2026,4,1,,,,,,,,,,,,,,,,,,
,https://avada.io/blog/hotjar-shopify-tool/,Shopify; Shopify app,hotjar shopify,880,Audit,2026,6,1,,,,,,,,,,,,,,,,,,
,https://avada.io/blog/shopify-integrate-with-wordpress/,Shopify; Shopify integration& connect; wordpress,integrate shopify with wordpress,880,Audit,2026,5,1,,,,,,,,,,,,,,,,,,
,https://avada.io/blog/shopify-migration/,Shopify; Shopify migrations,shopify migrations,880,Audit,2026,5,3,,,,,,,,,,,,,,,,,,
,https://avada.io/blog/squarespace-to-shopify/,Shopify; Shopify migrations; squarespace,squarespace to shopify,880,Audit,2026,5,3,,,,,,,,,,,,,,,,,,
,https://avada.io/blog/migrate-to-shopify/,Shopify; Shopify migrations; woocommerce,migrate woocommerce to shopify,880,Audit,2026,5,3,,,,,,,,,,,,,,,,,,
,https://avada.io/blog/be-yours-shopify-theme,Shopify; Shopify theme,be yours shopify theme,880,Audit,2026,3,2,,,,,,,,,,,,,,,,,,
,https://avada.io/blog/enterprise-shopify-theme/,Shopify; Shopify theme,enterprise theme shopify,880,Audit,2026,3,2,,,,,,,,,,,,,,,,,,
,https://avada.io/blog/minimal-theme-review/,Shopify; Shopify theme,shopify minimal theme,880,Audit,2026,3,2,,,,,,,,,,,,,,,,,,
,https://avada.io/blog/shopify-single-product-themes/,Shopify; Shopify theme,shopify one product theme,880,Audit,2026,3,2,,,,,,,,,,,,,,,,,,
,https://avada.io/blog/migrate-shopify-to-woocommerce/,Shopify; Shopify integration& connect; woocommerce,import shopify to woocommerce,880,Audit,2026,5,1,,,,,,,,,,,,,,,,,,
,https://avada.io/blog/product-recommendation-shopify/,Shopify; Shopify Knowledge,shopify product recommendations,880,Audit,2026,4,3,,,,,,,,,,,,,,,,,,
,https://avada.io/blog/be-yours-shopify-theme/,Shopify; Shopify theme,be yours shopify theme,880,Audit,2026,3,2,,,,,,,,,,,,,,,,,,
,https://avada.io/blog/shopify-vs-hostinger,Shopify; Shopify comparresion; hostinger ,hostinger vs shopify,880,Audit,2026,4,2,,,,,,,,,,,,,,,,,,
,https://avada.io/blog/programming-language-shopify/,Shopify; Shopify Knowledge,shopify language programming,720,Audit,2026,3,1,,,shopify language programming,Hương,,,Doing,,,,,,,,,,,
,https://avada.io/blog/shopify-pre-order-apps/,Shopify; Shopify app,shopify pre order app,720,Audit,2026,6,1,,,,,,,,,,,,,,,,,,
,https://avada.io/blog/print-on-demand-shopify-app/,Shopify; Shopify app; Shopify POD,shopify print on demand apps,720,Audit,2026,6,1,,,,,,,,,,,,,,,,,,
,https://avada.io/blog/flipkart-shopify-app/,Shopify; Shopify app,flipkart shopify,720,Audit,2026,6,1,,,,,,,,,,,,,,,,,,
,https://avada.io/blog/shopify-klaviyo-integration/,Shopify; Shopify integration& connect; klaviyo,shopify klaviyo integration,720,Audit,2026,5,1,,,,,,,,,,,,,,,,,,
,https://avada.io/blog/magento-to-shopify-migration/,Shopify; Shopify migrations; magento,transfer magento to shopify,720,Audit,2026,5,3,,,,,,,,,,,,,,,,,,
,https://avada.io/blog/shopify-payment-icons/,Shopify; Shopify Payments & Gateways,shopify payment icons,720,Audit,2026,3,4,,,,,,,,,,,,,,,,,,
,https://avada.io/blog/shopify-advanced-plan/,Shopify; Shopify price & costs;,shopify advanced plan,720,Audit,2026,3,1,,,shopify advanced plan,Hương,,,Doing,,,,,,,,,,,
,https://avada.io/blog/best-online-privacy-policy-generators/,Shopify; Shopify Knowledge,privacy policy generator shopify,720,Audit,2026,4,4,,,,,,,,,,,,,,,,,,
,https://avada.io/blog/brooklyn-theme-review/,Shopify; Shopify theme,brooklyn shopify theme,720,Audit,2026,3,2,,,,,,,,,,,,,,,,,,
,https://avada.io/blog/flow-theme-shopify/,Shopify; Shopify theme,flow shopify theme,720,Audit,2026,3,2,,,,,,,,,,,,,,,,,,
,https://avada.io/blog/warehouse-theme-shopify,Shopify; Shopify theme,warehouse theme shopify,720,Audit,2026,3,2,,,,,,,,,,,,,,,,,,
,https://avada.io/blog/best-shopify-theme/,Shopify; Shopify theme,best shopify theme,720,Audit,2026,3,2,,,,,,,,,,,,,,,,,,
,https://avada.io/blog/shopify-vs-ebay,Shopify; Shopify comparresion; ebay,ebay vs shopify,720,Audit,2026,4,2,,,,,,,,,,,,,,,,,,
,https://avada.io/blog/display-line-item-properties-in-the-cart/,Shopify; Shopify Knowledge,shopify line item properties,590,Audit,2026,4,3,,,,,,,,,,,,,,,,,,
,https://avada.io/blog/use-aftership/,Shopify; Shopify app,aftership shopify,590,Audit,2026,6,2,,,,,,,,,,,,,,,,,,
,https://avada.io/blog/import-aliexpress-reviews-to-shopify/,Shopify; aliexpress,how to import aliexpress reviews to shopify,590,Audit,2026,5,4,,,,,,,,,,,,,,,,,,
,https://avada.io/blog/amazon-shopify-app/,Shopify; app; amazon,shopify amazon app,590,Audit,2026,6,2,,,,,,,,,,,,,,,,,,
,https://avada.io/blog/app-collections/booking-system/,Shopify; Shopify app,shopify booking app,590,Audit,2026,6,2,,,,,,,,,,,,,,,,,,
,https://avada.io/blog/top-10-shopify-order-printer-apps/,Shopify; Shopify app,order printer app shopify,590,Audit,2026,6,2,,,,,,,,,,,,,,,,,,
,https://avada.io/blog/tracking-app-shopify/,Shopify; Shopify app,order tracking app shopify,590,Audit,2026,6,2,,,,,,,,,,,,,,,,,,
,https://avada.io/blog/search-app-shopify/,Shopify; Shopify app,search and discovery app shopify,590,Audit,2026,6,2,,,,,,,,,,,,,,,,,,
,https://avada.io/blog/how-add-variants-shopify/,Shopify; Shopify Knowledge,how to add variant in shopify,590,Audit,2026,4,3,,,,,,,,,,,,,,,,,,
,https://avada.io/blog/bigcommerce-to-shopify-migration/,Shopify; Migration & Replatforming; bigcommerce,bigcommerce to shopify,590,Audit,2026,5,3,,,,,,,,,,,,,,,,,,
,https://avada.io/tools/profit-margin-calculator/,Shopify; Shopify tool; Shopify price & costs,shopify profit calculator,590,Audit,2026,5,2,Default categorization - review recommended,,,,,,,,,,,,,,,,,
,https://avada.io/blog/integrate-square-with-shopify-store/,Shopify; Shopify integration& connect; square,shopify square integration,590,Audit,2026,5,2,,,,,,,,,,,,,,,,,,
,https://avada.io/blog/how-buy-theme-shopify-theme-store-shopify/,Shopify; Shopify theme,buy shopify themes,590,Audit,2026,3,2,,,,,,,,,,,,,,,,,,
,https://avada.io/blog/shopify-theme-clothing,Shopify; Shopify theme,shopify clothing themes,590,Audit,2026,3,2,,,,,,,,,,,,,,,,,,
,https://avada.io/blog/envy-theme-shopify/,Shopify; Shopify theme,envy shopify theme,590,Audit,2026,3,2,,,,,,,,,,,,,,,,,,
,https://avada.io/blog/refresh-shopify-theme,Shopify; Shopify theme,refresh theme shopify,590,Audit,2026,3,2,,,,,,,,,,,,,,,,,,
,https://avada.io/blog/theme-sense-shopify/,Shopify; Shopify theme,sense theme shopify,590,Audit,2026,3,2,,,,,,,,,,,,,,,,,,
,https://avada.io/blog/showcase-theme-shopify/,Shopify; Shopify theme,shopify showcase theme,590,Audit,2026,3,2,,,,,,,,,,,,,,,,,,
,https://avada.io/blog/how-view-order-shopify/,Shopify; Shopify order,shopify order management,590,Audit,2026,5,2,,,,,,,,,,,,,,,,,,
,https://avada.io/blog/shopify-pos-vs-lightspeed,Shopify; Shopify comparresion; lightspeed,lightspeed vs shopify,590,Audit,2026,4,2,,,,,,,,,,,,,,,,,,
,https://avada.io/blog/shopify-starter-vs-basic,Shopify; Shopify comparresion; Shopify price & costs,shopify starter vs basic,590,Audit,2026,4,2,,,,,,,,,,,,,,,,,,
,https://avada.io/blog/shopify-vs-stripe,Shopify; Shopify comparresion; stripe ,stripe vs shopify,590,Audit,2026,4,2,,,,,,,,,,,,,,,,,,
,https://avada.io/blog/list-of-shopify-sites/,Shopify; Shopify Knowledge,list of shopify sites,480,Audit,2026,4,4,,,,,,,,,,,,,,,,,,
,https://avada.io/blog/transfer-domain-to-shopify/,Shopify; Shopify Knowledge,transfer domain name to shopify,480,Audit,2026,4,1,,,,,,,,,,,,,,,,,,
,https://avada.io/blog/shopify-1mbb/,Shopify; Shopify price & costs;,shopify 1mbb,480,Audit,2026,3,1,,,Shopify 1mbb,Ngân,,,Doing,,,,,,,,,,,
,https://avada.io/blog/add-facebook-pixel-to-shopify/,Shopify; Shopify Knowledge,how to add fb pixel to shopify,480,Audit,2026,5,4,,,,,,,,,,,,,,,,,,
,https://avada.io/blog/shopify-accessibility-apps/,Shopify; Shopify app,shopify accessibility app,480,Audit,2026,6,2,,,,,,,,,,,,,,,,,,
,https://avada.io/blog/shopify-app-checkout/,Shopify; Shopify app,checkout apps shopify,480,Audit,2026,6,2,,,,,,,,,,,,,,,,,,
,https://avada.io/blog/ebay-app-shopify/,Shopify; Shopify app,ebay app shopify,480,Audit,2026,6,2,,,,,,,,,,,,,,,,,,
,https://avada.io/blog/shopify-email-marketing-apps/,Shopify; Shopify app; Shopify email; Shopify marketing,shopify email marketing apps,480,Audit,2026,6,2,,,,,,,,,,,,,,,,,,
,https://avada.io/blog/loox-reviews/,Shopify; Shopify app,loox app shopify,480,Audit,2026,6,2,,,,,,,,,,,,,,,,,,
,https://avada.io/blog/best-shopify-loyalty-apps/,Shopify; Shopify app,shopify loyalty apps,480,Audit,2026,6,2,,,,,,,,,,,,,,,,,,
,https://avada.io/blog/returns-app-shopify/,Shopify; Shopify app,shopify return apps,480,Audit,2026,6,2,,,,,,,,,,,,,,,,,,
,https://avada.io/blog/wishlist-shopify-app/,Shopify; Shopify app,shopify wishlist app,480,Audit,2026,6,2,,,,,,,,,,,,,,,,,,
,https://avada.io/blog/print-on-demand-shopify-stores/,Shopify; Shopify Knowledge; Shopify POD,print on demand shopify stores,480,Audit,2026,4,4,,,,,,,,,,,,,,,,,,
,https://avada.io/blog/how-create-draft-order-shopify/,Shopify; Shopify order,shopify draft orders,480,Audit,2026,5,2,,,,,,,,,,,,,,,,,,
,https://avada.io/tools/shopify-fee-calculator/,Shopify; Shopify tool; Shopify price & costs,shopify fees calculator,480,Audit,2026,5,2,Default categorization - review recommended,,,,,,,,,,,,,,,,,
,https://avada.io/blog/form-builder-app-shopify/,Shopify; Shoify Knowledge,form builder shopify,480,Audit,2026,4,1,,,,,,,,,,,,,,,,,,
,https://avada.io/blog/when-shopify-pay-me/,Shopify; Shopify Payments & Gateways,how does shopify pay me,480,Audit,2026,3,4,,,,,,,,,,,,,,,,,,
,https://avada.io/blog/assign-new-template-product/,Shopify; Shopify Knowledge,shopify product template,480,Audit,2026,4,3,,,,,,,,,,,,,,,,,,
,https://avada.io/blog/connect-mailchimp-to-shopify/,Shopify; Shopify integration& connect; mailchimp,integrate shopify with mailchimp,480,Audit,2026,5,2,,,,,,,,,,,,,,,,,,
,https://avada.io/blog/how-add-notification-new-orders/,Shopify; Shopify order,order notification shopify,480,Audit,2026,5,2,,,,,,,,,,,,,,,,,,
,https://avada.io/blog/shopify-payment-reviews/,Shopify; Shopify Payments & Gateways,shopify payments review,480,Audit,2026,3,4,,,,,,,,,,,,,,,,,,
,https://avada.io/blog/how-export-your-products-shopify/ ,Shopify; Shopify Knowledge,export shopify products,480,Audit,2026,4,3,,,,,,,,,,,,,,,,,,
,https://avada.io/blog/add-product-type-shopify/,Shopify; Shopify Knowledge,shopify product types,480,Audit,2026,4,3,,,,,,,,,,,,,,,,,,
,https://avada.io/blog/remove-password-from-shopify-store/,Shopify; Shoify Knowledge,how to remove password from shopify store,480,Audit,2026,4,1,,,,,,,,,,,,,,,,,,
,https://avada.io/blog/shopify-theme-app-extensions/,Shopify; Shopify theme; Shopify app,shopify theme app extension,480,Audit,2026,6,2,,,,,,,,,,,,,,,,,,
,https://avada.io/blog/shopify-theme-beauty/,Shopify; Shopify theme,shopify beauty theme,480,Audit,2026,3,2,,,,,,,,,,,,,,,,,,
,https://avada.io/blog/canopy-theme-shopify/,Shopify; Shopify theme,canopy shopify theme,480,Audit,2026,3,2,,,,,,,,,,,,,,,,,,
,https://avada.io/blog/shapes-theme-shopify/,Shopify; Shopify theme,shapes theme shopify,480,Audit,2026,3,2,,,,,,,,,,,,,,,,,,
,https://avada.io/blog/shopify-product-tags-seo/,Shopify; Shopify Knowledge,shopify product tags,480,Audit,2026,4,3,,,,,,,,,,,,,,,,,,
,https://avada.io/blog/stiletto-shopify-theme/,Shopify; Shopify theme,stiletto shopify theme,480,Audit,2026,3,2,,,,,,,,,,,,,,,,,,
,https://avada.io/blog/clickfunnels-vs-shopify,Shopify; Shopify comparresion; clickfunnels;,clickfunnels vs shopify,480,Audit,2026,4,2,,,,,,,,,,,,,,,,,,
,https://avada.io/blog/shopify-t-shirt-store-examples/,Shopify; Shopify Knowledge,shopify t shirt store,390,Audit,2026,4,4,,,,,,,,,,,,,,,,,,
,https://avada.io/blog/top-100-shopify-store/,Shopify; Shopify; Shopify Knowledge,top 100 shopify stores,390,Audit,2026,4,4,,,,,,,,,,,,,,,,,,
,https://avada.io/blog/best-shopify-apps-to-increase-sales/,Shopify; Shopify app,best shopify apps to increase sales,390,Audit,2026,6,2,,,,,,,,,,,,,,,,,,
,https://avada.io/blog/shopify-product-customizer-app/,Shopify; Shopify app,shopify product customization app,390,Audit,2026,6,2,,,,,,,,,,,,,,,,,,
,https://avada.io/blog/geolocation-app-shopify/,Shopify; Shopify app,shopify geolocation app,390,Audit,2026,6,2,,,,,,,,,,,,,,,,,,
,https://avada.io/blog/store-locator-app-shopify/,Shopify; Shopify app,shopify store locator app,390,Audit,2026,6,2,,,,,,,,,,,,,,,,,,
,https://avada.io/blog/membership-app-shopify/,Shopify; Shopify app,shopify membership app,390,Audit,2026,6,2,,,,,,,,,,,,,,,,,,
,https://avada.io/blog/payment-app-shopify/,Shopify; Shopify app,shopify payment apps,390,Audit,2026,6,2,,,,,,,,,,,,,,,,,,
,https://avada.io/blog/shopify-appointment-booking/,Shopify; Shopify app,shopify booking appointments,390,Audit,2026,6,2,,,,,,,,,,,,,,,,,,
,https://avada.io/blog/change-price-of-products/,Shopify; Shopify Knowledge,how to change prices in shopify,390,Audit,2026,4,1,,,,,,,,,,,,,,,,,,
,https://avada.io/blog/shopify-advertising-costs/,Shopify; Shopify price & costs;,shopify advertising costs,390,Audit,2026,3,1,,,shopify advertising costs,Hương,,,Doing,,,,,,,,,,,
,https://avada.io/blog/shopify-store-for-digital-products/,Shopify; Shopify Knowledge,shopify digital products store,390,Audit,2026,4,4,,,,,,,,,,,,,,,,,,
,https://avada.io/blog/shopify-general-store/,Shopify; Shopify Knowledge,shopify general stores,390,Audit,2026,4,4,,,,,,,,,,,,,,,,,,
,https://avada.io/blog/shopify-to-bigcommerce/,Shopify; Shopify migrations; bigcommerce,shopify to bigcommerce migration,390,Audit,2026,5,3,,,,,,,,,,,,,,,,,,
,https://avada.io/blog/shopify-partial-payment/,Shopify; Shopify Payments & Gateways,shopify partial payments,390,Audit,2026,3,4,,,,,,,,,,,,,,,,,,
,https://avada.io/blog/how-schedule-payouts-shopify/,Shopify; Shopify Payments & Gateways,payout schedule shopify,390,Audit,2026,4,1,,,,,,,,,,,,,,,,,,
,https://avada.io/blog/shopify-hosting-plans/,Shopify; Shopify price & costs;,shopify hosting plans,390,Audit,2026,3,1,,,shopify hosting plans,Hương,,,Doing,,,,,,,,,,,
,https://avada.io/blog/shopify-pos-integrations/,Shopify; Shopify integration& connect; Shopify Pos; integrations,shopify pos integrations,390,Audit,2026,5,2,,,,,,,,,,,,,,,,,,
,https://avada.io/blog/district-shopify-theme/,Shopify; Shopify theme,district shopify theme,390,Audit,2026,3,2,,,,,,,,,,,,,,,,,,
,https://avada.io/blog/plain-jane-shopify-theme/,Shopify; Shopify theme,plain jane shopify theme,390,Audit,2026,3,2,,,,,,,,,,,,,,,,,,
,https://avada.io/blog/reformation-shopify-theme/,Shopify; Shopify theme,reformation shopify theme,390,Audit,2026,3,2,,,,,,,,,,,,,,,,,,
,https://avada.io/blog/shopify-themes-responsive/,Shopify; Shopify theme,shopify responsive theme,390,Audit,2026,3,2,,,,,,,,,,,,,,,,,,
,https://avada.io/blog/shopify-theme-retina/,Shopify; Shopify theme,retina shopify theme,390,Audit,2026,3,2,,,,,,,,,,,,,,,,,,
,https://avada.io/blog/streamline-shopify-theme/,Shopify; Shopify theme,streamline shopify theme,390,Audit,2026,3,2,,,,,,,,,,,,,,,,,,
,https://avada.io/blog/shopify-testament-theme/,Shopify; Shopify theme,testament shopify theme,390,Audit,2026,3,2,,,,,,,,,,,,,,,,,,
,https://avada.io/blog/venue-shopify-theme/,Shopify; Shopify theme,venue shopify theme,390,Audit,2026,3,2,,,,,,,,,,,,,,,,,,
,https://avada.io/blog/how-add-product-image-shopify/,Shopify; Shopify Knowledge,shopify product images,390,Audit,2026,4,3,,,,,,,,,,,,,,,,,,
,https://avada.io/blog/marketplace-app-shopify/,Shopify; Shopify app,marketplace app shopify,390,Audit,2026,6,2,,,,,,,,,,,,,,,,,,
,https://avada.io/blog/shopify-pos-vs-square/,Shopify; Comparresion; shopify pos; square,shopify pos vs square,390,Audit,2026,4,2,,,,,,,,,,,,,,,,,,
,https://avada.io/blog/shopify-vs-printify/,Shopify; Shopify comparresion; printify,shopify vs printify,390,Audit,2026,4,2,,,,,,,,,,,,,,,,,,
,https://avada.io/blog/shopify-vs-webflow,Shopify; Shopify comparresion; webflow ,webflow vs shopify,390,Audit,2026,4,2,,,,,,,,,,,,,,,,,,
,https://avada.io/blog/use-clickfunnels/,Shopify; Shopify marketing; click funnel;,click funnel shopify,320,Audit,2026,5,4,,,,,,,,,,,,,,,,,,
,https://avada.io/blog/back-in-stock-app-shopify/,Shopify; Shopify app,back in stock app shopify,320,Audit,2026,6,2,,,,,,,,,,,,,,,,,,
,https://avada.io/blog/blog-app-shopify/,Shopify; Shopify app,shopify blog apps,320,Audit,2026,6,2,,,,,,,,,,,,,,,,,,
,https://avada.io/blog/filter-app-shopify/,Shopify; Shopify app,filter app shopify,320,Audit,2026,6,2,,,,,,,,,,,,,,,,,,
,https://avada.io/blog/gift-card-app-shopify/,Shopify; Shopify app,shopify gift card app,320,Audit,2026,6,2,,,,,,,,,,,,,,,,,,
,https://avada.io/blog/shopify-app-popup/,Shopify; Shopify app,shopify app pop up,320,Audit,2026,6,2,,,,,,,,,,,,,,,,,,
,https://avada.io/blog/quiz-app-shopify/,Shopify; Shopify app,shopify quiz app,320,Audit,2026,6,2,,,,,,,,,,,,,,,,,,
,https://avada.io/blog/referral-app-shopify/,Shopify; Shopify app,shopify referral apps,320,Audit,2026,6,2,,,,,,,,,,,,,,,,,,
,https://avada.io/blog/rewind-shopify-app/,Shopify; Shopify app,rewind shopify app,320,Audit,2026,6,2,,,,,,,,,,,,,,,,,,
,https://avada.io/blog/vitals-app-shopify/,Shopify; Shopify app,vitals app shopify,320,Audit,2026,6,2,,,,,,,,,,,,,,,,,,
,https://avada.io/blog/shopify-bill-pay/,Shopify; Shopify Payments & Gateways,shopify bill pay,320,Audit,2026,4,1,,,,,,,,,,,,,,,,,,
,https://avada.io/blog/upload-product-using-csv-file/,Shopify; Shopify Knowledge,bulk product upload shopify,320,Audit,2026,4,3,,,,,,,,,,,,,,,,,,
,https://avada.io/blog/how-edit-theme-code-shopify/,Shopify; Shopify Knowledge,edit code shopify,320,Audit,2026,5,1,,,,,,,,,,,,,,,,,,
,https://avada.io/blog/display-estimated-delivery-date/,Shopify; delivery,estimated delivery date shopify,320,Audit,2026,5,2,,,,,,,,,,,,,,,,,,
,https://avada.io/blog/add-products-to-featured-collection/,Shopify; Shopify Knowledge,shopify featured products,320,Audit,2026,4,3,,,,,,,,,,,,,,,,,,
,https://avada.io/blog/shopify-hoodie-store/,Shopify; Shopify Knowledge,shopify hoodie,320,Audit,2026,4,4,,,,,,,,,,,,,,,,,,
,https://avada.io/blog/shopify-niches/,Shopify; Shopify Knowledge,shopify niches,320,Audit,2026,4,4,,,,,,,,,,,,,,,,,,
,https://avada.io/blog/set-password-protection/,Shopify; Shoify Knowledge,shopify password protected store,320,Audit,2026,4,1,,,,,,,,,,,,,,,,,,
,https://avada.io/blog/how-deactivate-manual-payment-method-shopify/,Shopify; Shopify Payments & Gateways,how to deactivate shopify payments,320,Audit,2026,4,1,,,,,,,,,,,,,,,,,,
,https://avada.io/blog/pause-and-build-plan-shopify/,Shopify; Shopify price & costs;,shopify pause and build plan,320,Audit,2026,3,1,,,shopify pause and build plan,Hương,,,Doing,,,,,,,,,,,
,https://avada.io/blog/shopify-2-0-themes,Shopify; Shopify theme,shopify 2.0 themes,320,Audit,2026,3,2,,,,,,,,,,,,,,,,,,
,https://avada.io/blog/shopify-theme-blockshop,Shopify; Shopify theme,blockshop shopify theme,320,Audit,2026,3,2,,,,,,,,,,,,,,,,,,
,https://avada.io/blog/craft-theme-shopify/,Shopify; Shopify theme,craft shopify theme,320,Audit,2026,3,2,,,,,,,,,,,,,,,,,,
,https://avada.io/blog/electro-theme-shopify/,Shopify; Shopify theme,electro shopify theme,320,Audit,2026,3,2,,,,,,,,,,,,,,,,,,
,https://avada.io/blog/shopify-themes-for-sale/,Shopify; Shopify theme,shopify themes for sale,320,Audit,2026,3,2,,,,,,,,,,,,,,,,,,
,https://avada.io/blog/icon-shopify-theme/,Shopify; Shopify theme,icon shopify theme,320,Audit,2026,3,2,,,,,,,,,,,,,,,,,,
,https://avada.io/blog/narrative-shopify-theme-review/,Shopify; Shopify theme,narrative shopify theme,320,Audit,2026,3,2,,,,,,,,,,,,,,,,,,
,https://avada.io/blog/simple-shopify-theme/,Shopify; Shopify theme,shopify simple theme,320,Audit,2026,3,2,,,,,,,,,,,,,,,,,,
,https://avada.io/blog/spotlight-shopify-theme/,Shopify; Shopify theme,spotlight theme shopify,320,Audit,2026,3,2,,,,,,,,,,,,,,,,,,
,https://avada.io/blog/venture-theme-review/,Shopify; Shopify theme,venture shopify theme,320,Audit,2026,3,2,,,,,,,,,,,,,,,,,,
,https://avada.io/blog/vision-shopify-theme,Shopify; Shopify theme,vision theme shopify,320,Audit,2026,3,2,,,,,,,,,,,,,,,,,,
,https://avada.io/blog/how-to-connect-shopify-to-tiktok/,Shopify; Shopify integration& connect; tiktok,how to connect shopify to tiktok,320,Audit,2026,5,2,,,,,,,,,,,,,,,,,,
,https://avada.io/blog/how-to-connect-tiktok-pixel-to-shopify/,Shopify; Shopify integration& connect; tiktok,how to connect tiktok pixel to shopify,320,Audit,2026,5,2,,,,,,,,,,,,,,,,,,
,https://avada.io/blog/transfer-a-domain-from-squarespace-to-shopify/,Shopify; Shopify migrations; squarespace,transfer domain from squarespace to shopify,320,Audit,2026,5,3,,,,,,,,,,,,,,,,,,
,https://avada.io/blog/local-theme-shopify/,Shopify; Shopify theme,local theme shopify,320,Audit,2026,3,2,,,,,,,,,,,,,,,,,,
,https://avada.io/blog/shopify-2-0-themes/,Shopify; Shopify theme,shopify 2.0 themes,320,Audit,2026,3,2,,,,,,,,,,,,,,,,,,
,https://avada.io/blog/wokiee-shopify-theme/,Shopify; Shopify theme,wokiee shopify theme,320,Audit,2026,3,2,,,,,,,,,,,,,,,,,,
,https://avada.io/blog/free-premium-shopify-themes/,Shopify; Shopify theme,free premium shopify themes,320,Audit,2026,3,2,,,,,,,,,,,,,,,,,,
,https://avada.io/blog/shopify-vs-salesforce/,Shopify; Shopify comparresion; salesforce,shopify vs salesforce,320,Audit,2026,4,2,,,,,,,,,,,,,,,,,,
,https://avada.io/blog/shopify-pos-lite-vs-pro/,Shopify; Shopify comparresion; Shopify pos,shopify pos lite vs pro,320,Audit,2026,4,2,,,,,,,,,,,,,,,,,,
,https://avada.io/blog/shopify-product-research-tools/,Shopify; Shopify Knowledge; Shopify marketing,shopify product research tool,260,Audit,2026,4,3,,,,,,,,,,,,,,,,,,
,https://avada.io/blog/add-paypal-to-shopify/,Shopify; Shopify Payments & Gateways; paypal,how to add paypal to shopify,260,Audit,2026,4,1,,,,,,,,,,,,,,,,,,
,https://avada.io/blog/app-collections/accounting/,Shopify; Shopify app,best shopify accounting app,260,Audit,2026,6,2,,,,,,,,,,,,,,,,,,
,https://avada.io/blog/best-shopify-page-builder-apps/,Shopify; Shopify app,shopify page builder apps,260,Audit,2026,6,2,,,,,,,,,,,,,,,,,,
,https://avada.io/blog/invoice-app-shopify/,Shopify; Shopify app,invoice app shopify,260,Audit,2026,6,2,,,,,,,,,,,,,,,,,,
,https://avada.io/blog/shopify-migration-app/,Shopify; Shopify app,shopify migration app,260,Audit,2026,6,2,,,,,,,,,,,,,,,,,,
,https://avada.io/blog/rebuy-shopify-app/,Shopify; Shopify app,rebuy shopify app,260,Audit,2026,6,3,,,,,,,,,,,,,,,,,,
,https://avada.io/blog/shopify-app-ads/,Shopify; Shopify app,shopify app store ads,260,Audit,2026,6,3,,,,,,,,,,,,,,,,,,
,https://avada.io/blog/shopify-blog-examples/,Shopify; Shopify Knowledge,shopify blog examples,260,Audit,2026,5,1,,,,,,,,,,,,,,,,,,
,https://avada.io/blog/order-api-2/,Shopify; Shopify order,create order shopify api,260,Audit,2026,5,2,,,,,,,,,,,,,,,,,,
,https://avada.io/blog/connect-shopify-with-facebook/,Shopify; Shopify integration& connect; facebook;,how to connect facebook to shopify,260,Audit,2026,5,2,,,,,,,,,,,,,,,,,,
,https://avada.io/blog/shopify-furniture-store/,Shopify; Shopify Knowledge,shopify furniture stores,260,Audit,2026,5,1,,,,,,,,,,,,,,,,,,
,https://avada.io/blog/hide-products-on-shopify/,Shopify; Shopify Knowledge,hide products on shopify,260,Audit,2026,4,3,,,,,,,,,,,,,,,,,,
,https://avada.io/blog/become-shopify-developer/,Shopify; Shopify service; Shopify develop,how to become a shopify developer,260,Audit,2026,5,4,,,,,,,,,,,,,,,,,,
,https://avada.io/blog/how-to-connect-supplier-to-shopify/,Shopify; Shopify integration& connect; Shopify supplier,how to connect suppliers to shopify,260,Audit,2026,5,2,,,,,,,,,,,,,,,,,,
,https://avada.io/blog/install-theme-shopify/,Shopify; Shopify theme; Shopify Knowledge,how to install shopify theme,260,Audit,2026,,,,,,,,,,,,,,,,,,,,
,https://avada.io/blog/sort-products/,Shopify; Shopify Knowledge,how to organize products in shopify,260,Audit,2026,4,3,,,,,,,,,,,,,,,,,,
,https://avada.io/blog/shopify-woocommerce-integration/,Shopify; Shopify integration& connect; woocommerce,shopify woocommerce integration,260,Audit,2026,5,2,,,,,,,,,,,,,,,,,,
,https://avada.io/blog/connect-shopify-to-pinterest/,Shopify; Shopify integration& connect; pinterest,connect shopify to pinterest,260,Audit,2026,5,2,,,,,,,,,,,,,,,,,,
,https://avada.io/blog/shopify-grow-plan/,Shopify; Shopify price & costs;,shopify grow plan,260,Audit,2026,3,1,,,shopify grow plan,Hương,,,Doing,,,,,,,,,,,
,https://avada.io/blog/shopify-email-pricing/,Shopify; Shopify price & costs; Shopify email,shopify email pricing,260,Audit,2026,3,1,,,,Hương,,,,,,,,,,,,,,
,https://avada.io/blog/product-personalizer-shopify-app/,Shopify; Shopify Knowledge,product personalizer shopify,260,Audit,2026,4,3,,,,,,,,,,,,,,,,,,
,https://avada.io/blog/spocket-shopify/,Shopify; Shopify integration& connect; spocket,spocket shopify,260,Audit,2026,5,2,,,,,,,,,,,,,,,,,,
,https://avada.io/blog/halo-theme-shopify/,Shopify; Shopify theme,halo theme shopify,260,Audit,2026,3,2,,,,,,,,,,,,,,,,,,
,https://avada.io/blog/shopify-marketplace-themes/,Shopify; Shopify theme,shopify marketplace theme,260,Audit,2026,3,3,,,,,,,,,,,,,,,,,,
,https://avada.io/blog/parallax-shopify-theme/,Shopify; Shopify theme,parallax shopify theme,260,Audit,2026,3,3,,,,,,,,,,,,,,,,,,
,https://avada.io/blog/shella-shopify-theme/,Shopify; Shopify theme,shella shopify theme,260,Audit,2026,3,3,,,,,,,,,,,,,,,,,,
,https://avada.io/blog/startup-shopify-theme/,Shopify; Shopify theme,startup shopify theme,260,Audit,2026,3,3,,,,,,,,,,,,,,,,,,
,https://avada.io/blog/shopify-wordpress-theme/,Shopify; Shopify theme,shopify wordpress theme,260,Audit,2026,3,3,,,,,,,,,,,,,,,,,,
,https://avada.io/blog/how-upload-image-file-online-store-content-shopify/,Shopify; Shopify Knowledge,upload photos to shopify,260,Audit,2026,4,3,,,,,,,,,,,,,,,,,,
,https://avada.io/blog/baseline-shopify-theme/,Shopify; Shopify theme,baseline shopify theme,260,Audit,2026,3,3,,,,,,,,,,,,,,,,,,
,https://avada.io/blog/change-theme-shopify/,Shopify; Shopify theme,shopify change theme,260,Audit,2026,3,3,,,,,,,,,,,,,,,,,,
,https://avada.io/blog/shopify-pricing-malaysia/,Shopify; Shopify price & costs;,shopify pricing malaysia,260,Audit,2026,3,1,,,x,,,Bài tốt đã top ,Bỏ qua ,,,,,,,,,,,
,https://avada.io/blog/shopify-pricing-canada/,Shopify; Shopify price & costs;,shopify pricing canada,260,Audit,2026,3,1,,,shopify pricing canada,Hương,,,Doing,,,,,,,,,,,
,https://avada.io/blog/lightspeed-to-shopify-migration/,Shopify; Shopify migrations; lightspeed,lightspeed to shopify,260,Audit,2026,5,3,,,,,,,,,,,,,,,,,,
,https://avada.io/blog/free-shopify-apps/,Shopify; Shopify app,free shopify apps,260,Audit,2026,6,3,,,,,,,,,,,,,,,,,,
,https://avada.io/blog/shopify-stores-uk/,Shopify; Shopify Knowledge,shopify stores uk,260,Audit,2026,5,1,,,,,,,,,,,,,,,,,,
,https://avada.io/blog/shopify-vs-opencart/,Shopify; Shopify comparresion; opencart ,opencart vs shopify,260,Audit,2026,4,2,,,,,,,,,,,,,,,,,,
,https://avada.io/blog/shopify-vs-sellfy,Shopify; Shopify comparresion; sellfy ,sellfy vs shopify,260,Audit,2026,4,2,,,,,,,,,,,,,,,,,,
,https://avada.io/blog/shopify-vs-volusion/,Shopify; Shopify comparresion; volusion ,volusion vs shopify,260,Audit,2026,4,2,,,,,,,,,,,,,,,,,,
,https://avada.io/blog/shopify-vs-woocommerce-vs-magento/,Shopify; Shopify comparresion; woocommerce; magento,shopify vs woocommerce vs magento,260,Audit,2026,4,2,,,,,,,,,,,,,,,,,,
,https://avada.io/blog/generate-a-contact-page/,Shopify; Shopify Knowledge,shopify contact page,210,Audit,2026,3,1,,,,Ngân,,,,,,,,,,,,,,
,https://avada.io/blog/how-to-add-password-to-shopify-store/,Shopify; Shopify Knowledge,how to add password to shopify store,210,Audit,2026,4,1,,,,,,,,,,,,,,,,,,
,https://avada.io/blog/add-social-media-to-shopify/,Shopify; Shopify Knowledge,how to add social media to shopify,210,Audit,2026,4,1,,,,,,,,,,,,,,,,,,
,https://avada.io/blog/yotpo-review/,Shopify; Shopify app,yotpo reviews shopify,210,Audit,2026,6,3,,,,,,,,,,,,,,,,,,
,https://avada.io/blog/frequently-bought-together-app-shopify/,Shopify; Shopify app,frequently bought together shopify app,210,Audit,2026,6,3,,,,,,,,,,,,,,,,,,
,https://avada.io/blog/yotpo-shopify-app/,Shopify; Shopify app,yotpo shopify app,210,Audit,2026,6,3,,,,,,,,,,,,,,,,,,
,https://avada.io/blog/best-font-for-shopify-store/,Shopify; Shopify Knowledge,best font for shopify store,210,Audit,2026,5,1,,,,,,,,,,,,,,,,,,
,https://avada.io/blog/how-change-sort-order-for-products-collection-shopify/,Shopify; Shopify Knowledge,change order of products shopify,210,Audit,2026,4,3,,,,,,,,,,,,,,,,,,
,https://avada.io/blog/high-risk-orders-shopify/,Shopify; Shopify order,high risk orders shopify,210,Audit,2026,5,2,,,,,,,,,,,,,,,,,,
,https://avada.io/blog/best-payment-gateways-in-india/,Shopify; Shopify Payments & Gateways,best payment gateway for shopify india,210,Audit,2026,4,1,Country/region-specific content,,,,,,,,,,,,,,,,,
,https://avada.io/blog/find-instagram-influencers-for-shopify/,Shopify; Shoify Knowledge; instagram; Shopify marketing,how to find instagram influencers for shopify,210,Audit,2026,4,1,,,,,,,,,,,,,,,,,,
,https://avada.io/blog/etsy-to-shopify-migration/,Shopify; Shopify migrations; etsy;,etsy to shopify,210,Audit,2026,5,3,,,,,,,,,,,,,,,,,,
,https://avada.io/blog/shopify-payment-pending/,Shopify; Shopify Payments & Gateways,shopify payment pending,210,Audit,2026,4,1,,,,,,,,,,,,,,,,,,
,https://avada.io/blog/claim-shopify-website-on-pinterest/,Shopify; Shoify Knowledge; pinterest,claim shopify website on pinterest,210,Audit,2026,4,1,,,,,,,,,,,,,,,,,,
,https://avada.io/blog/shopify-b2b-themes/,Shopify; Shopify theme; Shopify b2b,shopify b2b themes,210,Audit,2026,3,3,,,,,,,,,,,,,,,,,,
,https://avada.io/blog/shopify-blog-templates/,Shopify; Shopify theme,best shopify blog theme,210,Audit,2026,3,3,,,,,,,,,,,,,,,,,,
,https://avada.io/blog/blum-shopify-theme/,Shopify; Shopify theme,blum shopify theme,210,Audit,2026,3,3,,,,,,,,,,,,,,,,,,
,https://avada.io/blog/combine-shopify-theme/,Shopify; Shopify theme,combine shopify theme,210,Audit,2026,3,3,,,,,,,,,,,,,,,,,,
,https://avada.io/blog/best-shopify-theme-for-digital-products/,Shopify; Shopify theme,best shopify theme for digital products,210,Audit,2026,3,3,,,,,,,,,,,,,,,,,,
,https://avada.io/blog/fastest-shopify-theme,Shopify; Shopify theme,fastest shopify themes,210,Audit,2026,3,3,,,,,,,,,,,,,,,,,,
,https://avada.io/blog/flex-theme-shopify/,Shopify; Shopify theme,flex shopify theme,210,Audit,2026,3,3,,,,,,,,,,,,,,,,,,
,https://avada.io/blog/shopify-furniture-theme/,Shopify; Shopify theme,shopify furniture theme,210,Audit,2026,3,3,,,,,,,,,,,,,,,,,,
,https://avada.io/blog/gecko-shopify-theme/,Shopify; Shopify theme,gecko shopify theme,210,Audit,2026,3,3,,,,,,,,,,,,,,,,,,
,https://avada.io/blog/highest-converting-shopify-themes,Shopify; Shopify theme,high converting shopify themes,210,Audit,2026,3,3,,,,,,,,,,,,,,,,,,
,https://avada.io/blog/yuva-theme-shopify,Shopify; Shopify theme,yuva theme shopify,210,Audit,2026,3,3,,,,,,,,,,,,,,,,,,
,https://avada.io/blog/aurora-shopify-theme/,Shopify; Shopify theme,aurora shopify theme,210,Audit,2026,3,3,,,,,,,,,,,,,,,,,,
,https://avada.io/blog/membership-app-shopify/,Shopify; Shopify app,membership app shopify,210,Audit,2026,6,3,,,,,,,,,,,,,,,,,,
,https://avada.io/blog/best-parallax-themes/,Shopify; Shopify theme,parallax shopify themes,210,Audit,2026,3,3,,,,,,,,,,,,,,,,,,
,https://avada.io/blog/shopify-boutique-theme/,Shopify; Shopify theme,shopify boutique theme,210,Audit,2026,3,3,,,,,,,,,,,,,,,,,,
,https://avada.io/blog/story-theme-shopify/,Shopify; Shopify theme,story theme shopify,210,Audit,2026,3,3,,,,,,,,,,,,,,,,,,
,https://avada.io/blog/shopify-vs-jumpseller/,Shopify; Comparresion; jumpseller,shopify vs jumpseller,210,Audit,2026,4,2,,,,,,,,,,,,,,,,,,
,https://avada.io/blog/weebly-vs-shopify,Shopify; Shopify comparresion; weebly ,weebly vs shopify,210,Audit,2026,4,2,,,,,,,,,,,,,,,,,,
,https://avada.io/blog/shopify-vs-zoho-commerce,Shopify; Shopify comparresion; zoho ,zoho commerce vs shopify,210,Audit,2026,4,2,,,,,,,,,,,,,,,,,,
,https://avada.io/blog/shopify-landing-page-example/,Shopify; Shopify Knowledge,shopify landing page examples,170,Audit,2026,5,1,,,,,,,,,,,,,,,,,,
,https://avada.io/blog/shopify-order-history/,Shopify; Shopify order,shopify order history,170,Audit,2026,5,2,,,,,,,,,,,,,,,,,,
,https://avada.io/blog/abandoned-cart-app-shopify/,Shopify; Shopify app,best abandoned cart app shopify,170,Audit,2026,6,3,,,,,,,,,,,,,,,,,,
,https://avada.io/blog/auction-app-shopify/,Shopify; Shopify app,auction app for shopify,170,Audit,2026,6,3,,,,,,,,,,,,,,,,,,
,https://avada.io/blog/app-collections/mobile-app-builder,Shopify; Shopify app,best shopify mobile app builder,170,Audit,2026,6,3,,,,,,,,,,,,,,,,,,
,https://avada.io/blog/shopify-donation-apps/,Shopify; Shopify app,shopify donation app,170,Audit,2026,6,3,,,,,,,,,,,,,,,,,,
,https://avada.io/blog/free-gifts-app-shopify/,Shopify; Shopify app,free gift app shopify,170,Audit,2026,6,3,,,,,,,,,,,,,,,,,,
,https://avada.io/blog/shopify-app-integration/,Shopify; Shopify app,shopify app integration,170,Audit,2026,6,3,,,,,,,,,,,,,,,,,,
,https://avada.io/blog/printful-shopify-app/,Shopify; Shopify app,printful shopify app,170,Audit,2026,6,3,,,,,,,,,,,,,,,,,,
,https://avada.io/blog/privy-shopify-app/,Shopify; Shopify app,privy shopify app,170,Audit,2026,6,3,,,,,,,,,,,,,,,,,,
,https://avada.io/blog/shopify-reports-app/,Shopify; Shopify app,shopify reports app,170,Audit,2026,6,3,,,,,,,,,,,,,,,,,,
,https://avada.io/blog/top-7-sms-apps-for-your-shopify-store/,Shopify; Shopify app,best sms app for shopify,170,Audit,2026,6,3,,,,,,,,,,,,,,,,,,
,https://avada.io/blog/app-collections/tax/,Shopify; Shopify app; Shopify tax,shopify tax app,170,Audit,2026,6,3,,,,,,,,,,,,,,,,,,
,https://avada.io/blog/checklist-before-launching-shopify-store/,Shopify; Shopify Knowledge,shopify checklist,170,Audit,2026,4,1,,,,,,,,,,,,,,,,,,
,https://avada.io/blog/shopify-exit-intent-popup/,Shopify; Shopify app,exit intent popup shopify,170,Audit,2026,6,3,,,,,,,,,,,,,,,,,,
,https://avada.io/blog/how-long-does-shopify-take-to-ship/,Shopify; Shopify Knowledge,how long does shopify take to ship,170,Audit,2026,5,2,,,,,,,,,,,,,,,,,,
,https://avada.io/blog/how-to-insert-sku-numbers-to-your-product-variants-in-shopify/,Shopify; Shopify Knowledge,how to add sku in shopify,170,Audit,2026,4,3,,,,,,,,,,,,,,,,,,
,https://avada.io/blog/how-to-add-instagram-on-shopify/,Shopify; Shopify integration& connect; instagram,how to integrate shopify with instagram,170,Audit,2026,5,2,,,,,,,,,,,,,,,,,,
,https://avada.io/blog/langify-shopify-app/,Shopify; Shopify app,langify shopify,170,Audit,2026,6,3,,,,,,,,,,,,,,,,,,
,https://avada.io/blog/migration-prestashop-to-shopify/,Shopify; Shopify migrations; prestashop,prestashop to shopify,170,Audit,2026,5,3,,,,,,,,,,,,,,,,,,
,https://avada.io/blog/shopify-non-profit-pricing/,Shopify; Shopify price & costs;,shopify non profit pricing,170,Audit,2026,3,1,,,,Ngân,,,,,,,,,,,,,,
,https://avada.io/blog/atlantic-theme-review/,Shopify; Shopify theme,atlantic theme shopify,170,Audit,2026,3,3,,,,,,,,,,,,,,,,,,
,https://avada.io/blog/best-shopify-themes-for-dropshipping,Shopify; Shopify theme,best shopify themes for dropshipping,170,Audit,2026,3,3,,,,,,,,,,,,,,,,,,
,https://avada.io/blog/shoptimized-theme-reviews/,Shopify; Shopify theme,shopify shoptimized theme,170,Audit,2026,3,3,,,,,,,,,,,,,,,,,,
,https://avada.io/blog/streetwear-shopify-theme/,Shopify; Shopify theme,shopify streetwear theme,170,Audit,2026,3,3,,,,,,,,,,,,,,,,,,
,https://avada.io/blog/wholesale-shopify-theme/,Shopify; Shopify theme,shopify wholesale theme,170,Audit,2026,3,3,,,,,,,,,,,,,,,,,,
,https://avada.io/blog/xtra-theme-shopify,Shopify; Shopify theme,xtra shopify theme,170,Audit,2026,3,3,,,,,,,,,,,,,,,,,,
,https://avada.io/blog/add-keywords-to-shopify-store/,Shopify; Shopify Knowledge; Shopify Seo,how to add keywords to shopify website,170,Audit,2026,4,1,,,,,,,,,,,,,,,,,,
,https://avada.io/blog/shopify-luxury-themes/,Shopify; Shopify theme,shopify luxury themes,170,Audit,2026,3,3,,,,,,,,,,,,,,,,,,
,https://avada.io/blog/shopify-themes/,Shopify; Shopify Knowledge; Shopify theme,what is a shopify theme,170,Audit,2026,3,1,,,,Ngân,,,,,,,,,,,,,,
,https://avada.io/blog/tiktok-shop-vs-shopify,Shopify; Shopify comparresion; tiktok ,tiktok shop vs shopify,170,Audit,2026,4,2,,,,,,,,,,,,,,,,,,
,https://avada.io/blog/bigcommerce-vs-shopify-vs-woocommerce/,Shopify; Shopify comparresion; woocommerce; bigcommerce,shopify vs woocommerce vs bigcommerce,170,Audit,2026,4,2,,,,,,,,,,,,,,,,,,
,https://avada.io/blog/shopify-plus-vs-bigcommerce/,Shopify; Shopify comparresion; bigcommerce; shopify plus,shopify plus vs bigcommerce,170,Audit,2026,4,2,,,,,,,,,,,,,,,,,,
,https://avada.io/blog/shopify-candle-stores/,Shopify; Shopify Knowledge,shopify candle stores,140,Audit,2026,5,1,,,,,,,,,,,,,,,,,,
,https://avada.io/blog/top-grossing-shopify-plus-stores/,Shopify; shopify plus; Shopify Knowledge,shopify plus stores,140,Audit,2026,5,1,,,,,,,,,,,,,,,,,,
,https://avada.io/blog/shopify-app-admin/,Shopify; Shopify app,shopify admin app,140,Audit,2026,6,3,,,,,,,,,,,,,,,,,,
,https://avada.io/blog/app-collections/store-backup/,Shopify; Shopify app,shopify backup app,140,Audit,2026,6,3,,,,,,,,,,,,,,,,,,
,https://avada.io/blog/bold-shopify-app/,Shopify; Shopify app,bold app for shopify,140,Audit,2026,6,3,,,,,,,,,,,,,,,,,,
,https://avada.io/blog/faq-app-shopify/,Shopify; Shopify app,faq app shopify,140,Audit,2026,6,3,,,,,,,,,,,,,,,,,,
,https://avada.io/blog/shopify-contact-forms/,Shopify; Shopify app,contact form app shopify,140,Audit,2026,6,3,,,,,,,,,,,,,,,,,,
,https://avada.io/blog/shopify-gallery-apps/,Shopify; Shopify app,gallery app shopify,140,Audit,2026,6,3,,,,,,,,,,,,,,,,,,
,https://avada.io/blog/google-shopify-app/,Shopify; Shopify app,google app shopify,140,Audit,2026,6,3,,,,,,,,,,,,,,,,,,
,https://avada.io/blog/shopify-product-options-apps/,Shopify; Shopify app,shopify product options app,140,Audit,2026,6,3,,,,,,,,,,,,,,,,,,
,https://avada.io/blog/shopify-google-shopping-apps/,Shopify; Shopify app,google shopping app for shopify,140,Audit,2026,6,3,,,,,,,,,,,,,,,,,,
,https://avada.io/blog/social-proof-app-shopify/,Shopify; Shopify app,shopify social proof app,140,Audit,2026,6,3,,,,,,,,,,,,,,,,,,
,https://avada.io/blog/translate-and-adapt-app-shopify/,Shopify; Shopify app,shopify translate & adapt app,140,Audit,2026,6,3,,,,,,,,,,,,,,,,,,
,https://avada.io/blog/bulk-edit-variants-shopify/,Shopify; Shopify Knowledge,bulk edit variants shopify,140,Audit,2026,4,3,,,,,,,,,,,,,,,,,,
,https://avada.io/blog/how-to-delete-templates-in-shopify/,Shopify; Shopify theme; Shopify Knowledge,how to delete templates in shopify,140,Audit,2026,,,,,,,,,,,,,,,,,,,,
,https://avada.io/blog/facebook-ads-for-shopify/,Shopify; Shopify marketing; facebook,how to create facebook ads for shopify,140,Audit,2026,5,4,,,,,,,,,,,,,,,,,,
,https://avada.io/blog/add-google-product-category-shopify/,Shopify; Shopify Knowledge,google product category shopify,140,Audit,2026,4,3,,,,,,,,,,,,,,,,,,
,https://avada.io/blog/how-to-add-images-to-variants-on-shopify/,Shopify; Shopify Knowledge,how to add variant images on shopify,140,Audit,2026,4,3,,,,,,,,,,,,,,,,,,
,https://avada.io/blog/add-video-on-product-page/,Shopify; Shopify Knowledge,how to insert video in shopify product description,140,Audit,2026,4,3,,,,,,,,,,,,,,,,,,
,https://avada.io/blog/how-to-change-payment-method-on-shopify/,Shopify; Shopify Payments & Gateways,how to change payment method on shopify,140,Audit,2026,4,1,,,,,,,,,,,,,,,,,,
,https://avada.io/blog/shopify-christmas-themes/,Shopify; Shopify theme,christmas shopify theme,140,Audit,2026,3,3,,,,,,,,,,,,,,,,,,
,https://avada.io/blog/fashionopolism-shopify-theme/,Shopify; Shopify theme,fashionopolism shopify theme,140,Audit,2026,3,3,,,,,,,,,,,,,,,,,,
,https://avada.io/blog/fastor-shopify-theme/,Shopify; Shopify theme,fastor shopify theme,140,Audit,2026,3,3,,,,,,,,,,,,,,,,,,
,https://avada.io/blog/mavon-shopify-theme/,Shopify; Shopify theme,mavon shopify theme,140,Audit,2026,3,3,,,,,,,,,,,,,,,,,,
,https://avada.io/blog/shopify-mobile-theme/,Shopify; Shopify theme,best shopify theme for mobile,140,Audit,2026,3,3,,,,,,,,,,,,,,,,,,
,https://avada.io/blog/best-shopify-theme-for-seo/,Shopify; Shopify theme,best shopify theme for seo,140,Audit,2026,3,3,,,,,,,,,,,,,,,,,,
,https://avada.io/blog/unpublish-shopify-store/,Shopify; Shopify Knowledge,how to unpublish shopify store,140,Audit,2026,5,4,,,,,,,,,,,,,,,,,,
,https://avada.io/blog/sahara-shopify-theme/,Shopify; Shopify theme,sahara shopify theme,140,Audit,2026,3,3,,,,,,,,,,,,,,,,,,
,https://avada.io/blog/shopify-xero-app/,Shopify; Shopify app,shopify xero app,140,Audit,2026,6,3,,,,,,,,,,,,,,,,,,
,https://avada.io/blog/umino-shopify-theme/,Shopify; Shopify theme,umino shopify theme,140,Audit,2026,3,3,,,,,,,,,,,,,,,,,,
,https://avada.io/blog/woodstock-shopify-theme/,Shopify; Shopify theme,woodstock shopify theme,140,Audit,2026,3,3,,,,,,,,,,,,,,,,,,
,https://avada.io/blog/buy-one-get-one-free/,Shopify; Shopify Knowledge,shopify buy one get one free,140,Audit,2026,5,4,,,,,,,,,,,,,,,,,,
,https://avada.io/blog/zest-shopify-theme/,Shopify; Shopify theme,zest shopify theme,140,Audit,2026,3,3,,,,,,,,,,,,,,,,,,
,https://avada.io/blog/aftership-shopify-app/,Shopify; Shopify app,aftership app shopify,110,Audit,2026,6,3,,,,,,,,,,,,,,,,,,
,https://avada.io/blog/cash-on-delivery-app-shopify/,Shopify; Shopify app,cash on delivery app shopify,110,Audit,2026,6,3,,,,,,,,,,,,,,,,,,
,https://avada.io/blog/dhl-shopify-app/,Shopify; Shopify app,dhl shopify app,110,Audit,2026,6,3,,,,,,,,,,,,,,,,,,
,https://avada.io/blog/shopify-app-redirect/,Shopify; Shopify app,shopify app redirect,110,Audit,2026,6,3,,,,,,,,,,,,,,,,,,
,https://avada.io/blog/app-collections/speed-optimization/,Shopify; Shopify app,shopify speed optimization app free,110,Audit,2026,6,3,,,,,,,,,,,,,,,,,,
,https://avada.io/blog/how-add-multiple-product-images-csv-file-shopify/,Shopify; Shopify Knowledge,bulk image upload shopify,110,Audit,2026,4,3,,,,,,,,,,,,,,,,,,
,https://avada.io/blog/how-edit-bank-account-information-shopify/,Shopify; Shopify Payments & Gateways,how to change payout account on shopify,110,Audit,2026,4,1,,,,,,,,,,,,,,,,,,
,https://avada.io/blog/how-include-taxes-product-prices-shopify/,Shopify; Shopify Knowledge; Shopify tax,charge tax on this product shopify,110,Audit,2026,4,3,,,,,,,,,,,,,,,,,,
,https://avada.io/blog/how-remove-a-product-shopify/,Shopify; Shopify Knowledge,how to delete products on shopify,110,Audit,2026,4,4,,,,,,,,,,,,,,,,,,
,https://avada.io/blog/duplicate-products-on-shopify/,Shopify; Shopify Knowledge,how to duplicate products in shopify,110,Audit,2026,4,4,,,,,,,,,,,,,,,,,,
,https://avada.io/blog/how-edit-your-password-settings-shopify/,Shopify; Shopify Knowledge,how to edit password page shopify,110,Audit,2026,4,1,,,,,,,,,,,,,,,,,,
,https://avada.io/blog/how-hide-out-of-stock-products-in-catalog-collection-shopify/,Shopify; Shopify Knowledge,how to hide out of stock products in shopify,110,Audit,2026,4,4,,,,,,,,,,,,,,,,,,
,https://avada.io/blog/how-change-plan-shopify/,Shopify; Shopify price & costs;,change shopify plan,110,Audit,2026,3,1,,,change shopify plan,Hương,,,Doing,,,,,,,,,,,
,https://avada.io/blog/sunglasses-shopify-store/,Shopify; Shopify Knowledge,sunglasses shopify,110,Audit,2026,5,1,,,,,,,,,,,,,,,,,,
,https://avada.io/blog/bullet-theme-shopify/,Shopify; Shopify theme,bullet shopify theme,110,Audit,2026,3,3,,,,,,,,,,,,,,,,,,
,https://avada.io/blog/crave-theme-shopify/,Shopify; Shopify theme,crave shopify theme,110,Audit,2026,3,3,,,,,,,,,,,,,,,,,,
,https://avada.io/blog/mr-parker-shopify-theme/,Shopify; Shopify theme,mr parker shopify theme,110,Audit,2026,3,3,,,,,,,,,,,,,,,,,,
,https://avada.io/blog/shopify-plus-themes,Shopify; Shopify theme,shopify plus themes,110,Audit,2026,3,3,,,,,,,,,,,,,,,,,,
,https://avada.io/blog/shopify-services-theme/,Shopify; Shopify theme,shopify services theme,110,Audit,2026,3,3,,,,,,,,,,,,,,,,,,
,https://avada.io/blog/taiga-shopify-theme/,Shopify; Shopify theme,taiga theme shopify,110,Audit,2026,3,3,,,,,,,,,,,,,,,,,,
,https://avada.io/blog/taste-theme-shopify/,Shopify; Shopify theme,shopify taste theme,110,Audit,2026,3,3,,,,,,,,,,,,,,,,,,
,https://avada.io/blog/xclusive-shopify-theme,Shopify; Shopify theme,xclusive shopify theme,110,Audit,2026,3,3,,,,,,,,,,,,,,,,,,
,https://avada.io/blog/avenue-shopify-theme/,Shopify; Shopify theme,avenue shopify theme,110,Audit,2026,3,3,,,,,,,,,,,,,,,,,,
,https://avada.io/blog/lumia-shopify-theme/,Shopify; Shopify theme,lumia shopify theme,110,Audit,2026,3,3,,,,,,,,,,,,,,,,,,
,https://avada.io/blog/mailchimp-shopify-app/,Shopify; Shopify app; mailchimp,mailchimp shopify app,110,Audit,2026,6,4,,,,,,,,,,,,,,,,,,
,https://avada.io/blog/replo-shopify-app/,Shopify; Shopify app,replo shopify app,110,Audit,2026,6,4,,,,,,,,,,,,,,,,,,
,https://avada.io/blog/unsen-shopify-theme/,Shopify; Shopify theme,unsen shopify theme,110,Audit,2026,3,3,,,,,,,,,,,,,,,,,,
,https://avada.io/blog/modify-the-html-for-currency-formatting/,Shopify; Shopify Knowledge,shopify currency formatting,110,Audit,2026,5,4,,,,,,,,,,,,,,,,,,
,https://avada.io/blog/magento-vs-shopify-vs-bigcommerce/,Shopify; Shopify comparresion; bigcommerce; magento;,bigcommerce vs magento vs shopify,110,Audit,2026,4,2,,,,,,,,,,,,,,,,,,
,https://avada.io/blog/shopify-music-store/,Shopify; Shopify Knowledge,shopify music store,90,Audit,2026,5,1,,,,,,,,,,,,,,,,,,
,https://avada.io/blog/shopify-about-us-page-template/,Shopify; Shopify Knowledge,shopify about us page template,90,Audit,2026,5,1,,,,,,,,,,,,,,,,,,
,https://avada.io/blog/app-collections/buy-button/,Shopify; Shopify app,shopify buy button app,90,Audit,2026,6,4,,,,,,,,,,,,,,,,,,
,https://avada.io/blog/shopify-export-apps/,Shopify; Shopify app,shopify data export app,90,Audit,2026,6,4,,,,,,,,,,,,,,,,,,
,https://avada.io/blog/bulk-discounts-shopify-app/,Shopify; Shopify app,bulk discount app shopify,90,Audit,2026,6,4,,,,,,,,,,,,,,,,,,
,https://avada.io/blog/gorgias-shopify-app/,Shopify; Shopify app,gorgias shopify app,90,Audit,2026,6,4,,,,,,,,,,,,,,,,,,
,https://avada.io/blog/shopify-products-import-apps/,Shopify; Shopify app,shopify store importer app,90,Audit,2026,6,4,,,,,,,,,,,,,,,,,,
,https://avada.io/blog/whatsapp-shopify-app/,Shopify; Shopify app,best whatsapp app for shopify,90,Audit,2026,6,4,,,,,,,,,,,,,,,,,,
,https://avada.io/blog/change-order-number-shopify/,Shopify; Shopify order,change order number shopify,90,Audit,2026,5,2,,,,,,,,,,,,,,,,,,
,https://avada.io/blog/how-delete-order-shopify/,Shopify; Shopify order,delete order shopify,90,Audit,2026,5,2,,,,,,,,,,,,,,,,,,
,https://avada.io/blog/ebook-shopify-stores/,Shopify; Shopify Knowledge,ebook shopify store,90,Audit,2026,5,1,,,,,,,,,,,,,,,,,,
,https://avada.io/blog/shopify-email-marketing-templates/,Shopify; Shopify email; Shopify Knowledge,shopify email marketing templates,90,Audit,2026,5,1,,,,,,,,,,,,,,,,,,
,https://avada.io/blog/shopify-fitness-store/,Shopify; Shopify Knowledge,fitness shopify stores,90,Audit,2026,5,1,,,,,,,,,,,,,,,,,,
,https://avada.io/blog/how-many-items-should-i-have-in-shopify-store/,Shopify; Shopify Knowledge,how many products should i have on my shopify store,90,Audit,2026,4,4,,,,,,,,,,,,,,,,,,
,https://avada.io/blog/how-change-inventory-quantities-using-bulk-editor-shopify/,Shopify; Shopify Knowledge; Shopify inventory,bulk edit inventory shopify,90,Audit,2026,4,4,,,,,,,,,,,,,,,,,,
,https://avada.io/blog/shopify-pos-pro-review/,Shopify; Shopify Pos,what is pos pro on shopify,90,Audit,2026,3,1,,,,Ngân,,,,,,,,,,,,,,
,https://avada.io/blog/shopify-quickbooks-integration-review/,Shopify; Shopify integration& connect; quickbooks,sync shopify with quickbooks,90,Audit,2026,5,2,,,,,,,,,,,,,,,,,,
,https://avada.io/blog/cascade-theme-shopify/,Shopify; Shopify theme,cascade shopify theme,90,Audit,2026,3,3,,,,,,,,,,,,,,,,,,
,https://avada.io/blog/shopify-electronics-store-theme/,Shopify; Shopify theme,electronics shopify theme,90,Audit,2026,3,3,,,,,,,,,,,,,,,,,,
,https://avada.io/blog/foodly-shopify-theme/,Shopify; Shopify theme,foodly shopify theme,90,Audit,2026,3,3,,,,,,,,,,,,,,,,,,
,https://avada.io/blog/honey-shopify-theme/,Shopify; Shopify theme,honey theme shopify,90,Audit,2026,3,3,,,,,,,,,,,,,,,,,,
,https://avada.io/blog/modern-shopify-themes/,Shopify; Shopify theme,modern shopify themes,90,Audit,2026,3,4,,,,,,,,,,,,,,,,,,
,https://avada.io/blog/best-shopify-theme-for-multiple-products/,Shopify; Shopify theme,best shopify theme for multiple products,90,Audit,2026,3,4,,,,,,,,,,,,,,,,,,
,https://avada.io/blog/best-shopify-theme-for-pet-store/,Shopify; Shopify theme,best shopify theme for pet store,90,Audit,2026,3,4,,,,,,,,,,,,,,,,,,
,https://avada.io/blog/best-shopify-theme-for-print-on-demand/,Shopify; Shopify theme; Shopify POD,best shopify theme for print on demand,90,Audit,2026,3,4,,,,,,,,,,,,,,,,,,
,https://avada.io/blog/free-shipping-app-shopify/,Shopify; Shopify app; Shopfy shipping,free shipping app shopify,90,Audit,2026,6,4,,,,,,,,,,,,,,,,,,
,https://avada.io/blog/shopify-minion-theme/,Shopify; Shopify theme,minion shopify theme,90,Audit,2026,3,4,,,,,,,,,,,,,,,,,,
,https://avada.io/blog/shopify-app-pricing/,Shopify; Shopify app; Shopify price & costs,shopify app pricing,90,Audit,2026,6,4,,,,,,,,,,,,,,,,,,
,https://avada.io/blog/shopify-dark-theme/,Shopify; Shopify theme,shopify dark theme,90,Audit,2026,3,4,,,,,,,,,,,,,,,,,,
,https://avada.io/blog/shopify-manual-payment-methods/,Shopify; Shopify Payments & Gateways,shopify manual payment methods,90,Audit,2026,4,1,,,,,,,,,,,,,,,,,,
,https://avada.io/blog/shopify-app-theme/,Shopify; Shopify app; Shopify theme,shopify theme app,90,Audit,2026,6,4,,,,,,,,,,,,,,,,,,
,https://avada.io/blog/shopify-theme-kingdom/,Shopify; Shopify theme,shopify theme kingdom,90,Audit,2026,3,4,,,,,,,,,,,,,,,,,,
,https://avada.io/blog/tiktok-shopify-app/,Shopify; Shopify app; tiktok,tiktok shopify app,90,Audit,2026,6,4,,,,,,,,,,,,,,,,,,
,https://avada.io/blog/woodmart-shopify-theme/,Shopify; Shopify theme,woodmart shopify theme,90,Audit,2026,3,4,,,,,,,,,,,,,,,,,,
,https://avada.io/blog/alidropship-vs-shopify,Shopify; Shopify comparresion; alidropship;,alidropship vs shopify,90,Audit,2026,4,2,,,,,,,,,,,,,,,,,,
,https://avada.io/blog/shopify-vs-shop-pay,Shopify; Shopify comparresion; Payments & Gateways,shop pay vs shopify,90,Audit,2026,4,2,,,,,,,,,,,,,,,,,,
,https://avada.io/blog/shopify-migration-checklist/,Shopify; Shopify marketing,shopify migration checklist,70,Audit,2026,5,4,,,,,,,,,,,,,,,,,,
,https://avada.io/shopify/cross-sell/,Shopify; Shopify app,cross sell app shopify,70,Audit,2026,6,4,,,,,,,,,,,,,,,,,,
,https://avada.io/blog/shopify-dark-mode-apps/,Shopify; Shopify app,shopify app dark mode,70,Audit,2026,6,4,,,,,,,,,,,,,,,,,,
,https://avada.io/blog/how-to-delete-apps-on-shopify/,Shopify; Shopify app,how to delete apps on shopify,70,Audit,2026,6,4,,,,,,,,,,,,,,,,,,
,https://avada.io/shopify-calendar-app/,Shopify; Shopify app,event calendar app shopify,70,Audit,2026,6,4,,,,,,,,,,,,,,,,,,
,https://avada.io/blog/fedex-shopify-app/,Shopify; Shopify app,fedex shopify app,70,Audit,2026,6,4,,,,,,,,,,,,,,,,,,
,https://avada.io/blog/shopify-fraud-protection-app/,Shopify; Shopify app,shopify fraud prevention app,70,Audit,2026,6,4,,,,,,,,,,,,,,,,,,
,https://avada.io/blog/globo-app-shopify/,Shopify; Shopify app,globo app shopify,70,Audit,2026,6,4,,,,,,,,,,,,,,,,,,
,https://avada.io/blog/shopify-order-management-app/,Shopify; Shopify app,shopify order management app,70,Audit,2026,6,4,,,,,,,,,,,,,,,,,,
,https://avada.io/blog/app-collections/product-recommendation/,Shopify; Shopify app,shopify product recommendation app,70,Audit,2026,6,4,,,,,,,,,,,,,,,,,,
,https://avada.io/blog/app-collections/google-reviews/,Shopify; Shopify app,google reviews shopify app,70,Audit,2026,6,4,,,,,,,,,,,,,,,,,,
,https://avada.io/blog/shopify-price-editor-apps/,Shopify; Shopify app,bulk price editor shopify,70,Audit,2026,6,4,,,,,,,,,,,,,,,,,,
,https://avada.io/blog/how-buy-shipping-label-shopify/,Shopify; Shopfy shipping,how to buy shipping labels on shopify,70,Audit,2026,5,2,,,,,,,,,,,,,,,,,,
,https://avada.io/blog/shopify-cost-of-goods-sold/,Shopify; Shopify price & costs;,shopify cost of goods sold,70,Audit,2026,3,1,,,,Hương,,,,,,,,,,,,,,
,https://avada.io/blog/delete-all-products-shopify/,Shopify; Shopify Knowledge,delete all products shopify,70,Audit,2026,4,4,,,,,,,,,,,,,,,,,,
,https://avada.io/blog/app-collections/coupon-generator/,Shopify; Shopify Knowledge,shopify discount code generator,70,Audit,2026,5,1,,,,,,,,,,,,,,,,,,
,https://avada.io/blog/how-to-connect-shopify-catalog-to-facebook/,Shopify; Shopify integration& connect; facebook,how to connect shopify catalog to facebook,70,Audit,2026,5,2,,,,,,,,,,,,,,,,,,
,https://avada.io/blog/creating-a-shopify-theme/,Shopify; Shopify theme; Shopify Knowledge,How to create a custom Shopify theme,70,Audit,2026,,,,,,,,,,,,,,,,,,,,
,https://avada.io/blog/insert-custom-fields-to-your-themes-contact-form/,Shopify; Shopify Knowledge,how to add custom field in shopify product page,70,Audit,2026,4,4,,,,,,,,,,,,,,,,,,
,https://avada.io/blog/add-recently-viewed-products-shopify/,Shopify; Shopify Knowledge,how to add recently viewed products in shopify,70,Audit,2026,4,4,,,,,,,,,,,,,,,,,,
,https://avada.io/blog/how-change-name-or-description-of-collection-shopify/,Shopify; Shopify Knowledge,how to change catalog name in shopify,70,Audit,2026,4,4,,,,,,,,,,,,,,,,,,
,https://avada.io/blog/how-change-your-shipping-label-printer-settings-shopify/,Shopify; Shopify integration& connect;,how to connect label printer to shopify,70,Audit,2026,5,2,,,,,,,,,,,,,,,,,,
,https://avada.io/blog/customize-shopify-themes/,Shopify; Shopify theme; Shopify Knowledge,how to customize shopify themes,70,Audit,2026,,,,,,,,,,,,,,,,,,,,
,https://avada.io/blog/how-edit-products-shopify/,Shopify; Shopify Knowledge,how to edit products in shopify,70,Audit,2026,4,4,,,,,,,,,,,,,,,,,,
,https://avada.io/blog/add-instagram-feed-to-shopify/,Shopify; Shoify Knowledge; instagram,add instagram feed to shopify,210,Audit,2026,4,1,,,,,,,,,,,,,,,,,,
,https://avada.io/blog/how-export-inventory-shopify/,Shopify; Shopify Knowledge; Shopify inventory,export inventory shopify,70,Audit,2026,4,4,,,,,,,,,,,,,,,,,,
,https://avada.io/blog/opencart-to-shopify-migration/,Shopify; Shopify migrations; opencart,opencart to shopify migration,70,Audit,2026,5,3,,,,,,,,,,,,,,,,,,
,https://avada.io/blog/volusion-to-shopify-migration/,Shopify; Shopify migrations; volusion,migrate volusion to shopify,70,Audit,2026,5,3,,,,,,,,,,,,,,,,,,
,https://avada.io/blog/high-risk-payment-gateway/,Shopify; Shopify Payments & Gateways,high risk payment processors shopify,70,Audit,2026,4,1,,,,,,,,,,,,,,,,,,
,https://avada.io/blog/beyond-theme-shopify/,Shopify; Shopify theme,beyond shopify theme,70,Audit,2026,3,4,,,,,,,,,,,,,,,,,,
,https://avada.io/blog/editions-theme-review/,Shopify; Shopify theme,editions shopify theme,70,Audit,2026,3,4,,,,,,,,,,,,,,,,,,
,https://avada.io/blog/expression-theme-shopify/,Shopify; Shopify theme,expression shopify theme,70,Audit,2026,3,4,,,,,,,,,,,,,,,,,,
,https://avada.io/blog/shopify-themes-for-food-products,Shopify; Shopify theme,food shopify themes,70,Audit,2026,3,4,,,,,,,,,,,,,,,,,,
,https://avada.io/blog/gain-shopify-theme/,Shopify; Shopify theme,gain shopify theme,70,Audit,2026,3,4,,,,,,,,,,,,,,,,,,
,https://avada.io/blog/habitat-theme-shopify/,Shopify; Shopify theme,habitat shopify theme,70,Audit,2026,3,4,,,,,,,,,,,,,,,,,,
,https://avada.io/blog/mode-shopify-theme/,Shopify; Shopify theme,mode theme shopify,70,Audit,2026,3,4,,,,,,,,,,,,,,,,,,
,https://avada.io/blog/shopify-supplement-theme/,Shopify; Shopify theme,best shopify theme for supplements,70,Audit,2026,3,4,,,,,,,,,,,,,,,,,,
,https://avada.io/blog/label-theme-shopify/,Shopify; Shopify theme,label theme shopify,70,Audit,2026,3,4,,,,,,,,,,,,,,,,,,
,https://avada.io/blog/notify-app-shopify/,Shopify; Shopify app,notify shopify app,70,Audit,2026,6,4,,,,,,,,,,,,,,,,,,
,https://avada.io/blog/shopify-announcement-bar-apps/,Shopify; Shopify app,shopify announcement bar app,70,Audit,2026,6,4,,,,,,,,,,,,,,,,,,
,https://avada.io/blog/shopify-arabic-theme/,Shopify; Shopify theme,shopify arabic theme,70,Audit,2026,3,4,,,,,,,,,,,,,,,,,,
,https://avada.io/blog/how-to-use-liquid-if-else-elsif-statements-in-shopify/,Shopify; Shopify liquid,shopify liquid else if,70,Audit,2026,5,1,,,,,,,,,,,,,,,,,,
,https://avada.io/blog/shopify-pricing-in-newzealand/,Shopify; Shopify price & costs;,shopify pricing nz,70,Audit,2026,3,1,,,,Hương,,,,,,,,,,,,,,
,https://avada.io/blog/shopify-pricing-singapore/,Shopify; Shopify price & costs;,shopify pricing singapore,70,Audit,2026,3,1,,,x,,,Bài tốt đã top ,Bỏ qua ,,,,,,,,,,,
,https://avada.io/blog/shopify-theme-examples/,Shopify; Shopify theme,shopify theme examples,70,Audit,2026,3,4,,,,,,,,,,,,,,,,,,
,https://avada.io/blog/single-page-shopify-theme/,Shopify; Shopify theme,single page shopify theme,70,Audit,2026,3,4,,,,,,,,,,,,,,,,,,
,https://avada.io/blog/spark-theme-shopify/,Shopify; Shopify theme,spark theme shopify,70,Audit,2026,3,4,,,,,,,,,,,,,,,,,,
,https://avada.io/blog/sunrise-theme-shopify/,Shopify; Shopify theme,sunrise theme shopify,70,Audit,2026,3,4,,,,,,,,,,,,,,,,,,
,https://avada.io/blog/shopify-weight-based-shipping/,Shopify; Shopfy shipping,shopify weight based shipping,70,Audit,2026,5,2,,,,,,,,,,,,,,,,,,
,https://avada.io/blog/shopify-pos-loyalty-program/,Shopify; Shopify Knowledge; Shopify Pos,shopify pos loyalty program,70,Audit,2026,5,4,Country/region-specific content,,,,,,,,,,,,,,,,,
,https://avada.io/blog/clover-vs-shopify,Shopify; Shopify comparresion; clover;,clover vs shopify,70,Audit,2026,4,3,,,,,,,,,,,,,,,,,,
,https://avada.io/blog/shopify-b2b-examples/,Shopify; Shopify Knowledge; Shopify b2b,shopify b2b examples,50,Audit,2026,5,1,,,,,,,,,,,,,,,,,,
,https://avada.io/blog/shopify-reset-customer-password/,Shopify; Shopify Knowledge,shopify reset customer password,50,Audit,2026,4,1,,,,,,,,,,,,,,,,,,
,https://avada.io/blog/shopify-instagram-ads/,Shopify; Shopify marketing; Instagram,how to make instagram ads for shopify,50,Audit,2026,5,4,,,,,,,,,,,,,,,,,,
,https://avada.io/blog/countdown-timer-shopify-app/,Shopify; Shopify app,countdown app shopify,50,Audit,2026,6,4,,,,,,,,,,,,,,,,,,
,https://avada.io/blog/app-collections/multi-vendor-marketplace/,Shopify; Shopify app,multi vendor marketplace shopify app,50,Audit,2026,6,4,,,,,,,,,,,,,,,,,,
,https://avada.io/blog/pinterest-shopify-app/,Shopify; Shopify app,pinterest for shopify app,50,Audit,2026,6,4,,,,,,,,,,,,,,,,,,
,https://avada.io/blog/size-chart-app-shopify/,Shopify; Shopify app,best size chart app for shopify,50,Audit,2026,6,4,,,,,,,,,,,,,,,,,,
,https://avada.io/blog/how-to-connect-shopify-card-reader/,Shopify; Shopify integration& connect;,how to connect shopify card reader,50,Audit,2026,5,2,,,,,,,,,,,,,,,,,,
,https://avada.io/blog/how-to-delete-test-orders-in-shopify/,Shopify; Shopify order,how to delete test orders in shopify,50,Audit,2026,5,2,,,,,,,,,,,,,,,,,,
,https://avada.io/blog/how-export-orders-csv-file-shopify/,Shopify; Shopify order,how to export shopify orders to excel,50,Audit,2026,5,2,,,,,,,,,,,,,,,,,,
,https://avada.io/blog/how-to-add-product-size-in-shopify/,Shopify; Shopify Knowledge,how to add product size in shopify,50,Audit,2026,4,4,,,,,,,,,,,,,,,,,,
,https://avada.io/blog/shopify-resize-images/,Shopify; Shopify Knowledge,shopify resize images,50,Audit,2026,4,4,,,,,,,,,,,,,,,,,,
,https://avada.io/blog/how-change-locations-stock-products-using-bulk-editor-shopify/,Shopify; Shopify Knowledge; Shopify inventory,how to change inventory location shopify,50,Audit,2026,4,4,,,,,,,,,,,,,,,,,,
,https://avada.io/blog/why-shopify-store-unavailable/,Shopify; Shopify Knowledge,sorry this store is currently unavailable shopify,50,Audit,2026,5,1,,,,,,,,,,,,,,,,,,
,https://avada.io/blog/exhibit-shopify-theme/,Shopify; Shopify theme,exhibit shopify theme,50,Audit,2026,3,4,,,,,,,,,,,,,,,,,,
,https://avada.io/blog/fetch-shopify-theme/,Shopify; Shopify theme,fetch shopify theme,50,Audit,2026,3,4,,,,,,,,,,,,,,,,,,
,https://avada.io/blog/galleria-theme-shopify/,Shopify; Shopify theme,galleria shopify theme,50,Audit,2026,3,4,,,,,,,,,,,,,,,,,,
,https://avada.io/blog/shopify-gaming-theme/,Shopify; Shopify theme,gaming shopify theme,50,Audit,2026,3,4,,,,,,,,,,,,,,,,,,
,https://avada.io/blog/highlight-theme-shopify/,Shopify; Shopify theme,highlight shopify theme,50,Audit,2026,3,4,,,,,,,,,,,,,,,,,,
,https://avada.io/blog/best-shopify-theme-for-home-decor/,Shopify; Shopify theme,best shopify theme for home decor,50,Audit,2026,3,4,,,,,,,,,,,,,,,,,,
,https://avada.io/blog/shopify-watch-theme/,Shopify; Shopify theme,best shopify theme for watches,50,Audit,2026,3,4,,,,,,,,,,,,,,,,,,
,https://avada.io/blog/animated-shopify-themes/,Shopify; Shopify theme,animated shopify themes,50,Audit,2026,3,4,,,,,,,,,,,,,,,,,,
,https://avada.io/blog/how-change-device-shopify/,Shopify; Shopify Knowledge,change shopify phone number,50,Audit,2026,5,4,,,,,,,,,,,,,,,,,,
,https://avada.io/blog/gemini-fashion-shopify-theme/,Shopify; Shopify theme,gemini fashion shopify theme,50,Audit,2026,3,4,,,,,,,,,,,,,,,,,,
,https://avada.io/blog/publisher-shopify-theme/,Shopify; Shopify theme,publisher shopify theme,50,Audit,2026,3,4,,,,,,,,,,,,,,,,,,
,https://avada.io/blog/shopify-app-forum/,Shopify; Shopify app,shopify app forum,50,Audit,2026,6,4,,,,,,,,,,,,,,,,,,
,https://avada.io/blog/shopify-pricing-philippines/,Shopify; Shopify price & costs;,shopify pricing philippines,50,Audit,2026,3,1,,,x,,,Bài tốt đã top ,Bỏ qua ,,,,,,,,,,,
,https://avada.io/blog/shopify-theme-commands/,Shopify; Shopify theme,shopify theme commands,50,Audit,2026,3,4,,,,,,,,,,,,,,,,,,
,https://avada.io/blog/shopify-themes-for-artists/,Shopify; Shopify theme,shopify themes for artists,50,Audit,2026,3,4,,,,,,,,,,,,,,,,,,
,https://avada.io/blog/shopify-vintage-themes/,Shopify; Shopify theme,shopify vintage themes,50,Audit,2026,3,4,,,,,,,,,,,,,,,,,,
,https://avada.io/blog/stockmart-shopify-theme/,Shopify; Shopify theme,stockmart shopify theme,50,Audit,2026,3,4,,,,,,,,,,,,,,,,,,
,https://avada.io/blog/top-500-shopify-store/,Shopify; Shopify Knowledge,top 500 shopify stores,50,Audit,2026,5,1,,,,,,,,,,,,,,,,,,
,https://avada.io/blog/how-archive-fulfilled-order-shopify/,Shopify; Shopify order,shopify archive orders,50,Audit,2026,5,3,,,,,,,,,,,,,,,,,,
,https://avada.io/blog/7-figure-shopify-store/,Shopify; Shopify Knowledge,7 figure shopify store,50,Audit,2026,5,4,,,,,,,,,,,,,,,,,,
,https://avada.io/blog/shopify-vs-etsy-vs-squarespace/,Shopify; Comparresion; etsy; squarespace,shopify vs etsy vs squarespace,50,Audit,2026,4,3,,,,,,,,,,,,,,,,,,
,https://avada.io/blog/shopify-vs-printful/,Shopify; Comparresion; printful,shopify vs printful,50,Audit,2026,4,3,,,,,,,,,,,,,,,,,,
,https://avada.io/blog/shopify-skincare-theme/,Shopify; Shopify theme,shopify skincare theme,50,Audit,2026,3,4,,,,,,,,,,,,,,,,,,
,https://avada.io/blog/shopify-vs-etsy-vs-amazon,Shopify; Shopify comparresion; etsy; amazon ,etsy vs amazon vs shopify,50,Audit,2026,4,3,,,,,,,,,,,,,,,,,,
,https://avada.io/blog/shopify-vs-jimdo,Shopify; Shopify comparresion; jimdo,jimdo vs shopify,50,Audit,2026,4,3,,,,,,,,,,,,,,,,,,
,https://avada.io/blog/shopify-toy-store-theme/,Shopify; Shopify Knowledge,shopify toy store theme,40,Audit,2026,5,1,,,,,,,,,,,,,,,,,,
,https://avada.io/blog/split-product-variants/,Shopify; Shopify Knowledge,split products in shopify,40,Audit,2026,4,4,,,,,,,,,,,,,,,,,,
,https://avada.io/blog/shopify-shoes-themes/,Shopify; Shopify theme,best shopify theme for shoes,30,Audit,2026,3,4,,,,,,,,,,,,,,,,,,
,https://avada.io/blog/shopify-wine-themes/,Shopify; Shopify theme,shopify wine theme,20,Audit,2026,3,4,,,,,,,,,,,,,,,,,,
,https://avada.io/blog/shopify-fees-uk-calculator/,Shopify; Shopify tool; Shopify price & costs,shopify fees uk calculator,20,Audit,2026,5,2,Country/region-specific content,,,,,,,,,,,,,,,,,
,https://avada.io/blog/shopify-options-vs-variants/,Shopify; Shopify comparresion; ,shopify options vs variants,20,Audit,2026,4,3,,,,,,,,,,,,,,,,,,
,https://avada.io/blog/shopify-theme-like-amazon/,Shopify; Shopify theme,shopify theme like amazon,10,Audit,2026,3,4,,,,,,,,,,,,,,,,,,
,https://avada.io/blog/how-insert-links-rich-text-editor-on-shopify/,Shopify; Shopify Knowledge,how insert links rich text editor on shopify,0,Audit,2026,5,4,,,,,,,,,,,,,,,,,,
,https://avada.io/blog/shopify-art-store/,Shopify; Shopify Knowledge,shopify art stores,260,Audit,2026,5,1,,,,,,,,,,,,,,,,,,Done
,https://avada.io/blog/shopify-automatically-fulfill-orders/,Shopify; Shopify automatic; Shopify order,shopify automatically fulfill orders,320,Audit,2026,5,3,,,,,,,,,,,,,,,,,,Done
,https://avada.io/blog/shopify-good-conversion-rate/,Shopify; Shopify marketing,shopify conversion rate,880,Audit,2026,5,4,,,,,,,,,,,,,,,,,,Done
,https://avada.io/blog/app-collections/email-marketing,Shopify; Shopify email; Shopify marketing; Shopify tool,shopify email marketing tool,90,Audit,2026,5,4,,,,,,,,,,,,,,,,,,Done
,https://avada.io/blog/find-products-to-sell-on-shopify,Shopify; Shopify Knowledge,how to find products to sell on shopify,1900,Audit,2026,5,4,,,,,,,,,,,,,,,,,,Done
,https://avada.io/blog/shopify-fulfillment-network/,Shopify; Shopify fulfillment,shopify fulfillment network,1600,Audit,2026,5,3,,,,,,,,,,,,,,,,,,Done
,https://avada.io/blog/how-edit-search-engine-listing-webpage-shopify/,Shopify; Shopify marketing; Shopify Seo,search engine listing preview shopify,50,Audit,2026,5,4,,,,,,,,,,,,,,,,,,Done
,https://avada.io/blog/shopify-seo-problems/,Shopify; Shopify marketing,shopify seo problems,170,Audit,2026,5,4,,,,,,,,,,,,,,,,,,Done
,https://avada.io/blog/shopify-speed-optimization/,Shopify; Shopify marketing; Shopify Seo,shopify speed optimization,1000,Audit,2026,5,4,,,,,,,,,,,,,,,,,,Done
,https://avada.io/blog/increase-conversion-rate-shopify-store/,Shopify; Shopify marketing; Shopify CRO,shopify conversion rate optimization,1600,Audit,2026,5,4,,,,,,,,,,,,,,,,,,Done
,https://avada.io/blog/drive-traffic-to-shopify-store/,Shopify; Shopify marketing; Shopify Seo,how to drive traffic to shopify store,480,Audit,2026,5,4,,,,,,,,,,,,,,,,,,Done
,https://avada.io/blog/how-to-create-shopify-store-in-pakistan/,Shopify; Shopify Knowledge,how to create shopify store in pakistan,3600,Audit,2026,,,,,,,,,,,,,,,,,,,,Done
,https://avada.io/blog/shopify-pricing-pakistan/,Shopify; Shopify; Shopify Price & Costs,shopify pakistan price,70,Audit,2026,3,1,,,,Hương,,,,,,,,,,,,,,Done
,https://avada.io/blog/homepage-seo/,Shopify; Shopify marketing; Shopify Seo,shopify edit homepage seo,170,Audit,2026,5,4,,,,,,,,,,,,,,,,,,Done
,https://avada.io/blog/how-set-up-email-forwarding-shopify/,Shopify; Shopify marketing; Shopify email,email forwarding shopify,390,Audit,2026,5,4,,,,,,,,,,,,,,,,,,Done
,https://avada.io/blog/app-collections/sales-funnels/,Shopify; Shopify marketing,funnel builder shopify,140,Audit,2026,5,4,,,,,,,,,,,,,,,,,,Done
,https://avada.io/blog/shopify-reports/,Shopify; Shopify analytic & reporting,shopify reports,1600,Audit,2026,5,4,,,,,,,,,,,,,,,,,,Done
,https://avada.io/blog/shopify-good-conversion-rate/,Shopify; Shopify marketing,what is a good conversion rate on shopify,210,Audit,2026,6,1,,,,,,,,,,,,,,,,,,Done
,https://avada.io/blog/promote-advertise-shopify-store/,Shopify; Shopify marketing,how to promote your shopify store,1300,Audit,2026,6,1,,,,,,,,,,,,,,,,,,Done
,https://avada.io/blog/shopify-setting-up-shipping/,Shopify; Shopfy shipping,shopify setting up shipping,1000,Audit,2026,5,3,,,,,,,,,,,,,,,,,,Done
,https://avada.io/blog/shopify-marketing-strategy/,Shopify; Shopify marketing,shopify marketing strategy,1600,Audit,2026,6,1,,,,,,,,,,,,,,,,,,Done
,https://avada.io/blog/shopify-seo-manager-review/,Shopify; Shopify marketing; Shopify Seo,seo manager shopify,260,Audit,2026,6,1,,,,,,,,,,,,,,,,,,Done
,https://avada.io/blog/shopify-seo-review/,Shopify; Shopify marketing; Shopify Seo,shopify seo review,70,Audit,2026,6,1,,,,,,,,,,,,,,,,,,Done
,https://avada.io/blog/shopify-stores-in-pakistan/,Shopify; Shopify Knowledge,shopify stores in pakistan,1300,Audit,2026,5,1,,,,,,,,,,,,,,,,,,Done
,https://avada.io/blog/free-shipping-in-shopify/ ,Shopify; Knowledge; Shopfy shipping,how to add free shipping on shopify,390,Audit,2026,5,3,,,,,,,,,,,,,,,,,,Done
,https://avada.io/blog/how-change-fulfillment-location-shopify/,Shopify; fulfillment,how to change fulfillment location shopify,140,Audit,2026,5,3,,,,,,,,,,,,,,,,,,Done
,https://avada.io/blog/how-to-change-shipping-in-shopify/,Shopify; Shopfy shipping,how to change shipping in shopify,140,Audit,2026,5,3,,,,,,,,,,,,,,,,,,Done
,https://avada.io/blog/how-add-shipping-origin-address/,Shopify; Shopfy shipping,how to change shipping address on shopify,110,Audit,2026,5,3,,,,,,,,,,,,,,,,,,Done
,https://avada.io/blog/google-ads-conversion-tracking-shopify/,Shopify; Shopify analytic & reporting,google ads conversion tracking shopify,480,Audit,2026,5,4,,,,,,,,,,,,,,,,,,Done
,https://avada.io/blog/how-add-google-map-api-key-theme-shopify/,Shopify; Shopify analytic & reporting,embed google map shopify,260,Audit,2026,5,4,,,,,,,,,,,,,,,,,,Done
,https://avada.io/blog/how-to-search-a-variant-id/,Shopify; Shopify Knowledge,how to find variant id in shopify,50,Audit,2026,4,4,,,,,,,,,,,,,,,,,,Done
,https://avada.io/blog/how-view-fraud-analysis-an-order-shopify/,Shopify; Shopify analytic,fraud analysis shopify,320,Audit,2026,5,3,,,,,,,,,,,,,,,,,,Done
,https://avada.io/blog/google-shopping-shopify/,Shopify; Shopify analytic & reporting,google shopping shopify,1600,Audit,2026,5,4,,,,,,,,,,,,,,,,,,Done
,https://avada.io/blog/install-google-tag-manager-shopify/,Shopify; Shopify analytic & reporting,google tag manager shopify,2400,Audit,2026,5,4,,,,,,,,,,,,,,,,,,Done
,https://avada.io/blog/how-to-refund-shipping-on-shopify/,Shopify; Shopfy shipping,how to refund shipping on shopify,110,Audit,2026,5,3,,,,,,,,,,,,,,,,,,Done
,https://avada.io/blog/add-flat-rate-shipping/ ,Shopify; Shopfy shipping,how to set shipping rates in shopify,590,Audit,2026,5,3,,,,,,,,,,,,,,,,,,Done
,https://avada.io/blog/how-to-set-up-international-shipping-on-shopify/,Shopify; Shopfy shipping,how to set up international shipping on shopify,390,Audit,2026,5,3,,,,,,,,,,,,,,,,,,Done
,https://avada.io/blog/how-void-shipping-label-shopify/,Shopify; Shopfy shipping,how to void shipping label on shopify,70,Audit,2026,5,3,,,,,,,,,,,,,,,,,,Done
,https://avada.io/blog/shopify-price-in-india/,Shopify; Shopify price & costs;,shopify pricing india,1000,Audit,2026,3,1,,,x,,,Bài tốt đã top ,Bỏ qua ,,,,,,,,,,,Done
,https://avada.io/blog/shopify-price-uk/,Shopify; Shopify price & costs;,shopify uk pricing,2400,Audit,2026,3,1,,,,Hương,,,,,,,,,,,,,,Done
,https://avada.io/blog/how-show-calculated-rates-checkout-shopify/,Shopify; Shopfy shipping,shopify real time shipping rates,50,Audit,2026,5,3,,,,,,,,,,,,,,,,,,Done
,https://avada.io/blog/report-shopify-store/,Shopify; Shopify analytic & reporting,report shopify store,590,Audit,2026,5,4,,,,,,,,,,,,,,,,,,Done
,https://avada.io/blog/how-report-tax-shopify/,Shopify; Shopify analytic & reporting; Shopify tax,sales tax report shopify,320,Audit,2026,5,4,,,,,,,,,,,,,,,,,,Done
,https://avada.io/blog/how-print-shipping-label-shopify/,Shopify; Shopify shipping ,shopify shipping labels,1600,Audit,2026,5,3,,,,,,,,,,,,,,,,,,Done
,https://avada.io/blog/how-choose-label-printer-shopify/,Shopify; Shopify shipping ,shipping label printer shopify,590,Audit,2026,5,3,,,,,,,,,,,,,,,,,,Done
,https://avada.io/blog/shopify-shipping-policy-template/,Shopify; Shopify shipping ,shopify shipping policy,720,Audit,2026,5,3,,,,,,Viết về cách tạo và chỉnh sửa ,,,,,,,,,,,,Done
,https://avada.io/blog/shipping-rates-on-shopify/,Shopify; Shopify shipping ,shopify shipping rates,2400,Audit,2026,5,3,,,,,,,,,,,,,,,,,,Done
,https://avada.io/blog/how-create-new-shipping-zone-shopify/,Shopify; Shopify shipping ,shopify shipping zones,320,Audit,2026,5,3,,,,,,,,,,,,,,,,,,Done
,https://avada.io/blog/add-social-proof-to-shopify/,Shopify; Shopify marketing,social proof shopify,260,Audit,2026,6,1,,,,,,,,,,,,,,,,,,Done
,https://avada.io/blog/how-view-sales-reports-shopify/,Shopify; Shopify analytic & reporting,shopify sales reports,590,Audit,2026,5,4,,,,,,,,,,,,,,,,,,Done
,https://avada.io/blog/expanse-theme-shopify/,Shopify; Shopify theme,expanse theme shopify,320,Audit,2026,3,4,,,,,,,,,,,,,,,,,,Done
,https://avada.io/blog/shopify-payment-gateway-api/,Shopify; Shopify Payments & Gateways,shopify payment gateway api,30,Audit,2026,4,1,,,,,,,,,,,,,,,,,,Done
,https://avada.io/blog/shopify-stores-in-india/,Shopify; Shopify Knowledge,shopify stores in india,480,Audit,2026,5,1,,,,,,,,,,,,,,,,,,Done
,https://avada.io/blog/shopify-studio-theme/,Shopify; Shopify theme,shopify studio theme,140,Audit,2026,3,4,,,,,,,,,,,,,,,,,,Done